"Location","Elevation (m)","Ascent (m)","Descent (m)","Distance (km)","Total Distance (km)","Total Ascent (m)","Total Descent (m)","Notes"
"Start: Te Araroa (SOBO)","149","0","0","0","0","0","0",""
"0 km","149","0","0","0","0","0","0","Cape Reinga to Ahipara"
"10 km","4","269","413","10.1","10.1","269","413","Cape Reinga to Ahipara"
"Twilight Campsite","21","24","7","2.4","12.5","293","421","km 12.5 | Category: Basic | Facilities: Non-powered/tent sites, Shelter for cooking, Water from tap - not treated, boil before use, Toilets - non-flush, Toilets, Water supply | Bookable: No | Booking Required: No | Trail Pass: Yes | Trail Pass discount (%): 100 | Place: Te Paki Recreation Reserve | Region: Northland"
"20 km","0","140","161","7.8","20.3","432","581","Cape Reinga to Ahipara"
"30 km","1","15","15","9.6","29.8","448","596","Cape Reinga to Ahipara"
"40 km","2","12","11","10.3","40.1","460","607","Cape Reinga to Ahipara"
"The Bluff Campsite","2","2","2","0.8","40.9","461","609","km 40.7 | "
"50 km","2","5","4","9.1","50","466","613","Cape Reinga to Ahipara"
"60 km","2","8","7","10.2","60.1","474","620","Cape Reinga to Ahipara"
"70 km","3","9","8","10","70.1","483","629","Cape Reinga to Ahipara"
"Hukatere Lodge Camp","2","0","1","0.5","70.6","483","630","km 70.6 | "
"80 km","2","11","10","9.8","80.4","493","640","Cape Reinga to Ahipara"
"Ngapae Holiday Park","4","6","4","7.1","87.5","500","644","km 87.4 | Facilities: Holiday park accommodation, campground, motorhomes, powered sites for campervans, tent sites for camping | Address: 6 Matai Street Waipapakauri 0486 | Phone: (09) 406 7298 | Hours: 9:00am - 6:00pm | Website: https://www.ngapaeholidaypark.co.nz/ | Categories: RVPark LodgingBusiness"
"90 km","3","1","2","2.5","90.1","501","647","Cape Reinga to Ahipara"
"100 km","0","6","9","10.1","100.2","507","656","Cape Reinga to Ahipara"
"Ahipara Holiday Park","7","7","0","1.5","101.7","514","656","km 101.5 | Facilities: Accommodation, tent and power sites for campervans and caravans, cabins and a self-contained lodge. | Address: 164-170 Takahe St, Ahipara | Phone: (09) 409 4864 | Website: https://ahiparaholidaypark.co.nz/ | Categories: LodgingBusiness"
"Ahipara","17","10","0","1.3","102.9","524","656","km 102.8 | Ahipara Superette: groceries and post shop. Cafe closes 2pm. First resupply after Cape Reinga."
"110 km","36","40","21","7.2","110.1","564","677","The Northland Forests"
"Kaitaia","19","19","36","6.1","116.1","583","713","km 116.0 | Pak'nSave, Bells Produce, two bulk-food shops. 14 km inland from Ahipara; hitch or bus."
"120 km","37","23","5","3.9","120.1","606","718","The Northland Forests"
"130 km","53","71","55","10.4","130.4","677","773","The Northland Forests"
"140 km","571","602","83","9.7","140.2","1279","857","The Northland Forests"
"150 km","409","499","662","10","150.2","1778","1518","The Northland Forests"
"Makene Road Campsite","41","64","433","5.3","155.5","1843","1951","km 155.2 | Phone: trishterran@gmail.com"
"160 km","20","16","37","4.8","160.3","1859","1988","The Northland Forests"
"Mangamuka Bridge Dairy","20","0","0","1.3","161.6","1859","1988","km 161.3 | Dairy and takeaways on SH1, Mon-Fri 7am-6pm. Phone charging. Snacks only."
"170 km","208","224","36","8.6","170.2","2083","2024","The Northland Forests"
"Blackbridge Road Campsite","300","360","268","7.8","178","2443","2292","km 177.8 | Category: Backcountry | Facilities: Water, toilet | Bookable: No | Booking Required: No | Trail Pass: Yes | Trail Pass discount (%): 100 | Place: Blackbridge Road | Region: Northland"
"180 km","69","15","247","2.2","180.3","2459","2539","The Northland Forests"
"190 km","394","527","203","10","190.3","2986","2741","The Northland Forests"
"Puketi Recreation Area Campsite","324","190","259","8.3","198.6","3176","3001","km 198.4 | Category: Standard | Facilities: BBQ, Fire pit/place for campfires (except in fire bans), Non-powered/tent sites, Shower - cold, Water from tap - not treated, boil before use, Wheelchair accessible with assistance, Toilets - non-flush, Toilets, Water supply | Bookable: Yes | Booking Required: Yes | Trail Pass: Yes | Trail Pass discount (%): 100 | Place: Puketi and Omahuta Forests | Region: Northland"
"Puketi Forest Hut","324","0","0","0","198.6","3176","3001","km 198.4 | Category: Serviced | Facilities: Cooking, Heating, Mattresses, Lighting, Toilets - non-flush, Water from tap - not treated, boil before use, Water supply | Bookable: Yes | Booking Required: Yes | Trail Pass: Yes | Trail Pass discount (%): 20 | More Info: Camping (booking required) next to hut included in The Trail Pass. | Place: Puketi and Omahuta Forests | Region: Northland"
"200 km","317","18","25","1.5","200.1","3194","3026","Mangakaretu to Kerikeri"
"210 km","206","42","152","10.1","210.2","3235","3178","Mangakaretu to Kerikeri"
"220 km","66","51","191","9.9","220.1","3286","3369","Mangakaretu to Kerikeri"
"230 km","76","203","194","10.1","230.2","3490","3563","Kerikeri to Waitangi"
"240 km","60","238","253","10","240.2","3727","3816","Kerikeri to Waitangi"
"Paihia","5","42","96","5.2","245.4","3769","3912","km 245.2 | Countdown Central plus a larger Countdown at Waitangi. Four Square on Williams Rd."
"Paihia Top 10 Holiday Park","5","65","65","3.3","248.7","3833","3977","km 248.5 | Facilities: Accommodation: powered caravan/campervan sites, tents, Kayak hire, dump station | Address: 1290 State Highway 11, Paihia, | Phone: (09) 402 7678 | Hours: 9:00am - 6:00pm | Website: http://www.beachsideholiday.co.nz | Categories: LodgingBusiness"
"250 km","9","27","23","1.5","250.2","3860","4000","Paihia to Ōpua Coastal Walkway"
"Opua","0","53","62","2","252.2","3913","4062","km 251.9 | Small general store, expensive. Ferry point."
"260 km","0","0","0","7.9","260.1","3913","4062","Waikare Connection - by Water"
"270 km","40","195","155","10.1","270.1","4108","4217","Waikare to Ngunguru"
"280 km","22","453","471","10","280.2","4561","4688","Waikare to Ngunguru"
"290 km","20","122","123","10","290.2","4682","4811","Waikare to Ngunguru"
"300 km","15","164","169","10","300.2","4846","4980","Waikare to Ngunguru"
"310 km","256","586","345","10.1","310.3","5432","5325","Waikare to Ngunguru"
"320 km","14","115","356","9.9","320.2","5547","5682","Waikare to Ngunguru"
"330 km","41","338","311","10.1","330.2","5885","5993","Waikare to Ngunguru"
"340 km","175","336","201","10","340.3","6220","6194","Waikare to Ngunguru"
"Ngunguru","2","126","299","7.8","348.1","6346","6493","km 347.6 | Four Square dairy and takeaway, plus cafes. Limited and expensive."
"Nikau Bay","3","4","2","1.3","349.3","6350","6495","km 349.1 | "
"350 km","3","32","32","0.9","350.2","6382","6527","Ngunguru to Pataua North"
"360 km","22","312","293","10.1","360.3","6694","6821","Ngunguru to Pataua North"
"370 km","53","288","257","10","370.3","6982","7078","Ngunguru to Pataua North"
"380 km","23","82","112","10.2","380.4","7063","7189","Pataua North to Whāngārei Heads"
"390 km","0","260","283","9.7","390.2","7323","7472","Pataua North to Whāngārei Heads"
"400 km","16","740","724","10.3","400.4","8063","8196","Pataua North to Whāngārei Heads"
"Trail ends - Whangarei Heads","7","204","213","7.3","407.7","8267","8410","The walking route stops here and starts again 1.1 km away. Crossed by Whangarei Heads crossing."
"410 km","0","4","4","3","410.7","8271","8414","Bream Bay Walk"
"Ruakaka Reserve Motor Camp","1","3","1","7.7","418.4","8274","8415","km 418.0 | Facilities: motor camp | Address: 21 Ruakaka Beach Road | Phone: (09) 432 7590 | Website: http://www.motorcamp.co.nz/ | Categories: RVPark LodgingBusiness"
"420 km","2","4","3","2","420.4","8278","8418","Bream Bay Walk"
"Uretiti Beach Campsite","1","1","2","1.4","421.9","8279","8420","km 421.5 | Category: Standard | Facilities: Non-powered/tent sites, Shelter for cooking, Shower - hot, Wheelchair accessible, Water from tap - treated, suitable for drinking, Toilets - non-flush, Toilets | Bookable: Yes | Booking Required: Yes | Trail Pass: Yes | Trail Pass discount (%): 100 | Place: Waipu area | Region: Northland"
"Waipu","10","22","13","6.9","428.8","8301","8433","km 428.4 | Four Square, cafes, hotel with budget rooms. Camp Waipu Cove has a dairy."
"430 km","19","9","0","1.7","430.5","8310","8433","Bream Bay Walk"
"440 km","202","285","102","9.9","440.4","8595","8535","Cullen Brynderwyn Walkway"
"Waorahi Campsite","261","201","142","4.3","444.7","8796","8677","km 444.3 | "
"450 km","110","162","313","5.6","450.3","8958","8990","Bream Tail to Mangawhai Cliffs Walkway"
"Mangawhai Heads Holiday Park","8","243","346","7","457.3","9201","9335","km 456.9 | "
"Mangawhai Heads","29","36","15","1.4","458.7","9237","9350","km 458.4 | Four Square at 3 Wood St. Holiday park."
"460 km","17","12","24","1.6","460.3","9248","9374","Mangawhai to Pākiri"
"Mangawhai","8","14","23","2.8","463.1","9263","9397","km 462.8 | New World 1 km north of the village, plus a Four Square."
"Riverside Holiday Park","7","6","7","1.5","464.6","9268","9404","km 464.3 | Facilities: Holiday park accommodation, camping ground | Address: Black Swamp Road, Mangawhai | Phone: (09) 431 4825 | Website: https://www.riversideholidaypark.co.nz/ | Categories: LodgingBusiness"
"470 km","2","21","26","5.6","470.2","9289","9430","Mangawhai to Pākiri"
"Pakiri Beach Holiday Park","11","100","91","15.6","485.8","9390","9521","km 485.5 | Facilities: Holiday park, campground, accommodation, lodges, flats, self contained units, store. Dump station. | Address: 261 Pakiri River Road, Pakiri | Phone: (09) 422 6199 | Hours: 9:00am - 5:00pm | Website: http://www.pakiriholidaypark.co.nz/ | Categories: RVPark LodgingBusiness"
"Pakiri Beach Holiday Park","17","26","20","2.6","488.4","9415","9540","km 488.1 | Camp store: food, drinks, milk, bread. 9am-5pm summer only."
"490 km","305","288","0","1.9","490.3","9703","9540","Mt Tamahunga (Te Hīkoi O Te Kiri) Track"
"500 km","358","542","488","10","500.4","10244","10028","Govan Wilson to Pūhoi Valley"
"510 km","291","532","599","10.1","510.5","10776","10627","Govan Wilson to Pūhoi Valley"
"520 km","62","302","531","10","520.5","11078","11158","Govan Wilson to Pūhoi Valley"
"530 km","179","409","292","10","530.5","11487","11450","Govan Wilson to Pūhoi Valley"
"Remiger Road Campsite","25","60","214","3.2","533.7","11547","11664","km 533.2 | Category: Backcountry | Bookable: No | Booking Required: No | Trail Pass: Yes | Trail Pass discount (%): 100 | Place: Remiger Rd | Region: Puhoi"
"Puhoi","20","238","243","6","539.7","11785","11908","km 539.1 | General store 7am-7pm, historic pub, three cafes."
"540 km","20","2","2","0.9","540.5","11787","11910","Pūhoi to Wenderholm Kayak"
"Wenderholm Regional Park","16","190","194","9.5","550","11977","12104","km 549.4 | Facilities: camping, bbq, beach, picnic | Address: 37 Schishka Rd,Hibiscus Coast, Rodney County | Phone: (09) 301 0101 | Hours: Summer: 6:00am - 9:00pm Winter: 6:00am - 7:00pm | Website: https://www.aucklandcouncil.govt.nz/parks-recreation/Pages/park-details.aspx?Location=3411 | Categories: Park"
"550 km","24","26","19","0.6","550.6","12004","12122","Wenderholm to Stillwater"
"Ōrewa Beach Holiday Park","0","70","93","8.3","558.9","12073","12216","km 558.3 | Facilities: Holiday park accommodation, tent sites for camping, powered sites for campervans, cabins | Address: 265 Hibiscus Coast Highway, Orewa Beach | Phone: 0800 673 921 | Website: https://www.aucklandcouncil.govt.nz/parks-recreation/Pages/park-details.aspx?Location=3542#about | Categories: RVPark LodgingBusiness"
"560 km","5","27","22","1.7","560.6","12101","12238","Wenderholm to Stillwater"
"Silverdale","16","51","40","2.9","563.5","12152","12278","km 562.9 | Silverdale Centre: Woolworths, Macpac, Kathmandu, ATMs."
"570 km","78","201","139","7.1","570.6","12353","12417","Wenderholm to Stillwater"
"580 km","12","319","386","10","580.6","12673","12803","North Shore Coastal Walk"
"Browns Bay","3","112","121","6.5","587.1","12784","12924","km 586.6 | New World and Countdown."
"590 km","5","105","104","3.4","590.6","12889","13027","North Shore Coastal Walk"
"600 km","20","110","95","10","600.6","13000","13122","North Shore Coastal Walk"
"Devonport","4","83","99","5.6","606.2","13082","13221","km 605.6 | New World. Ferry to the city."
"Trail ends - Devonport","0","1","4","0.5","606.6","13083","13225","The walking route stops here and starts again 2.9 km away. Crossed by Devonport Ferry crossing."
"610 km","100","124","26","4","610.7","13207","13251","Coast to Coast Walkway"
"620 km","9","162","253","10.1","620.7","13369","13504","Coast to Coast Walkway"
"Mangere Bridge","2","5","12","2.7","623.4","13374","13516","km 622.8 | FreshChoice, slightly off trail."
"Ambury Regional Park","1","11","12","3.5","627","13384","13528","km 626.3 | Facilities: Regional park, working farm, picnic sites, campervan parking, camping ground accommodation | Address: Ambury Road, Mangere | Phone: 09 301 0101 | Hours: 8am-6:30pm (winter), 8am-9pm (summer) | Website: https://www.aucklandcouncil.govt.nz/parkmaps/map-ambury-regional-park.pdf | Categories: Park"
"630 km","1","5","5","3.7","630.6","13389","13533","Onehunga to Puhinui"
"640 km","3","38","36","10","640.6","13427","13569","Onehunga to Puhinui"
"650 km","20","38","21","10","650.6","13466","13590","Puhinui Stream Track"
"660 km","6","47","61","10.2","660.8","13513","13652","Botanic Gardens to Mangatāwhiri"
"670 km","45","65","26","9.9","670.7","13578","13677","Botanic Gardens to Mangatāwhiri"
"680 km","265","254","33","9.9","680.6","13831","13711","Botanic Gardens to Mangatāwhiri"
"690 km","40","286","511","9.9","690.5","14117","14222","Botanic Gardens to Mangatāwhiri"
"700 km","20","20","40","10","700.6","14137","14262","Mangatāwhiri to Mercer"
"Mercer","20","7","7","3","703.6","14144","14269","km 703.0 | Service centre with food outlets; motel with camping."
"710 km","20","112","112","7","710.5","14256","14380","Mercer to Rangiriri"
"720 km","20","7","7","10","720.6","14263","14387","Mercer to Rangiriri"
"730 km","13","11","18","10","730.6","14274","14405","Rangiriri to Huntly"
"740 km","12","8","9","10","740.6","14282","14414","Rangiriri to Huntly"
"750 km","20","29","21","10.1","750.7","14310","14435","Rangiriri to Huntly"
"760 km","323","747","444","9.8","760.5","15057","14879","Hakarimata Walkway"
"Ngaruawahia","20","81","384","4.5","765","15138","15263","km 764.5 | New World and cafes."
"770 km","18","6","8","5.5","770.5","15144","15271","Ngāruawāhia to Hamilton - Te Awa (The River)"
"780 km","20","23","21","10","780.5","15167","15292","Ngāruawāhia to Hamilton - Te Awa (The River)"
"Hamilton","44","36","12","5.5","785.9","15204","15304","km 785.5 | Pak'nSave, Woolworths, Trek N Travel outdoor store. Full gear replacement."
"790 km","40","2","6","4.5","790.4","15206","15310","Hamilton City"
"Whatawhata","22","67","85","9.7","800.2","15272","15395","km 799.8 | Petrol station store, gastro pub and village cafe."
"800 km","20","0","2","0.2","800.4","15272","15397","Waipā Walk"
"810 km","173","221","68","10","810.4","15493","15465","Waipā Walk"
"820 km","66","340","447","10","820.4","15833","15912","Waipā Walk"
"Kaniwhaniwha Campsite","134","132","63","4.7","825.1","15965","15975","km 824.7 | Category: Basic | Facilities: Water from stream, Toilets - non-flush, Toilets, Water supply | Bookable: No | Booking Required: No | Trail Pass: Yes | Trail Pass discount (%): 100 | Place: Pirongia Forest Park | Region: Waikato"
"830 km","679","551","6","5.1","830.2","16516","15982","Pirongia Traverse"
"Pāhautea Hut","901","309","87","3","833.2","16825","16068","km 833.0 | Category: Standard | Facilities: Mattresses, Toilets - non-flush, Water from tap - not treated, boil before use, Water supply | Bookable: Yes | Booking Required: Yes | Trail Pass: Yes | Trail Pass discount (%): 100 | Place: Pirongia Forest Park | Region: Waikato"
"Pahautea Hut Campsite","901","0","0","0","833.2","16825","16068","km 833.0 | Category: Backcountry | Facilities: Non-powered/tent sites, Water from tap - not treated, boil before use, Toilets - non-flush, Toilets, Water supply | Bookable: Yes | Booking Required: Yes | Trail Pass: Yes | Trail Pass discount (%): 100 | Place: Pirongia Forest Park | Region: Waikato"
"840 km","538","285","649","6.9","840.1","17110","16717","Pirongia to Waitomo"
"850 km","339","138","336","10","850.1","17248","17053","Pirongia to Waitomo"
"860 km","394","337","282","10","860.1","17584","17334","Pirongia to Waitomo"
"870 km","378","374","390","10","870.1","17958","17724","Pirongia to Waitomo"
"880 km","157","368","590","10","880.1","18326","18313","Pirongia to Waitomo"
"Waitomo Top 10 Holiday Park","64","54","146","3.1","883.3","18379","18460","km 883.1 | Facilities: Holiday park, campground, motorhomes, campervans, tent sites | Address: 12 Waitomo Village Road Waitomo Caves Village 3977 | Phone: (07) 878 7639 | Hours: 9:00am - 8:00pm | Website: http://www.waitomopark.co.nz | Categories: RVPark LodgingBusiness"
"Waitomo","79","14","0","0.2","883.4","18394","18460","km 883.2 | Waitomo Village Store 7am-7pm, expensive. Cafes and restaurants."
"890 km","56","302","325","6.7","890.1","18696","18785","Pehitawa Track"
"Te Kūiti","60","315","311","8.7","898.8","19011","19096","km 898.8 | New World and SuperValue."
"900 km","60","0","0","1.2","900","19011","19096","Te Kūiti to Pureora"
"910 km","123","365","302","10.1","910.1","19376","19398","Te Kūiti to Pureora"
"920 km","199","243","167","9.7","919.8","19620","19565","Te Kūiti to Pureora"
"930 km","360","224","63","10.2","930","19843","19628","Te Kūiti to Pureora"
"940 km","489","194","65","10","940","20037","19693","Te Kūiti to Pureora"
"950 km","522","86","52","10","950","20123","19745","Te Kūiti to Pureora"
"Ngaherenga Campsite","566","55","11","6.2","956.2","20178","19756","km 956.3 | Category: Standard | Facilities: BBQ, Fire pit/place for campfires (except in fire bans), Non-powered/tent sites, Water from tap - not treated, boil before use, Toilets - non-flush, Toilets, Water supply | Bookable: Yes | Booking Required: Yes | Trail Pass: Yes | Trail Pass discount (%): 100 | Place: Pureora Forest Park | Region: Waikato"
"960 km","621","60","5","3.5","959.6","20238","19761","Pureora Forest - The Timber Trail"
"970 km","905","580","296","9.9","969.5","20818","20057","Pureora Forest - The Timber Trail"
"980 km","624","143","424","10.1","979.6","20960","20481","Pureora Forest - The Timber Trail"
"990 km","481","186","329","10","989.6","21147","20810","Pureora Forest - The Timber Trail"
"Piropiro Campsite","436","2","47","2.1","991.7","21149","20857","km 992.2 | Category: Basic | Facilities: Fire pit/place for campfires (except in fire bans), Non-powered/tent sites, Water from stream, Toilets - non-flush, Toilets, Water supply | Bookable: No | Booking Required: No | Trail Pass: Yes | Trail Pass discount (%): 100 | Place: Pureora Forest Park | Region: Waikato"
"1000 km","604","305","138","7.9","999.6","21454","20995","Pureora Forest - The Timber Trail"
"1010 km","433","107","278","10","1009.6","21561","21272","Pureora Forest - The Timber Trail"
"1020 km","515","238","156","10.1","1019.6","21799","21429","Pureora Forest - The Timber Trail"
"1030 km","205","103","413","10","1029.6","21902","21841","Pureora Forest - The Timber Trail"
"Ongarue Campsite","199","14","20","3.9","1033.5","21916","21861","km 1033.9 | Facilities: Te Araroa"
"1040 km","198","56","57","6.1","1039.6","21972","21918","Pureora Forest - The Timber Trail"
"1050 km","180","134","153","10","1049.6","22106","22071","Pureora Forest - The Timber Trail"
"1060 km","174","49","55","10.4","1060","22156","22126","Pureora Forest - The Timber Trail"
"Taumarunui","173","0","1","0.1","1060.1","22156","22127","km 1060.5 | New World at the west end. Seriously Outdoors for gear; canoe hire."
"1070 km","170","161","164","9.6","1069.6","22316","22292","42 Traverse"
"1080 km","397","338","110","9.9","1079.6","22654","22402","42 Traverse"
"Owhango","440","167","124","7","1086.5","22821","22525","km 1087.0 | Blue Hill Cafe, 8am-2pm."
"1090 km","391","63","112","3","1089.6","22884","22638","42 Traverse"
"1100 km","520","380","251","9.9","1099.5","23264","22889","42 Traverse"
"1110 km","462","382","440","9.9","1109.4","23646","23329","42 Traverse"
"1120 km","725","445","183","10","1119.5","24091","23511","42 Traverse"
"1130 km","734","133","124","9.9","1129.4","24225","23636","42 Traverse"
"1140 km","1486","866","113","10","1139.4","25090","23749","Tongariro Alpine Crossing"
"1150 km","1300","402","588","9.9","1149.3","25492","24337","Tongariro Alpine Crossing"
"Waihohonu Campsite","1099","227","428","6.3","1155.6","25720","24765","km 1156.4 | Category: Serviced | Facilities: Non-powered/tent sites, Water from tap - not treated, boil before use, Toilets - non-flush, Toilets, Water supply | Bookable: Yes | Booking Required: Yes | Trail Pass: Yes | Trail Pass discount (%): 100 | More Info: Camping next to hut included in The Trail Pass (Bookings Required) | Place: Tongariro National Park | Region: Central North Island"
"Waihohonu Hut","1101","2","0","0.1","1155.7","25722","24765","km 1156.5 | Category: Serviced | Facilities: Cooking, Heating, Mattresses, Toilets - non-flush, Water from tap - not treated, boil before use, Water supply | Bookable: Yes | Booking Required: Yes | Trail Pass: Yes | Trail Pass discount (%): 20 | More Info: Camping next to hut included in The Trail Pass (Bookings Required) | Place: Tongariro National Park | Region: Central North Island"
"1160 km","1176","92","17","3.5","1159.2","25813","24782","Tongariro Alpine Crossing"
"1170 km","1187","269","258","9.9","1169.1","26082","25040","Tongariro Alpine Crossing"
"Whakapapa Village","1128","25","85","2","1171.1","26108","25124","km 1172.1 | Camp store carries little more than ice blocks and muesli bars. Not a resupply."
"Whakapapa Holiday Park","1137","8","0","0.2","1171.3","26116","25124","km 1172.3 | Facilities: Holiday park accommodation. DOC conservation campsite, tent sites for camping, powered sites for campervans | Address: Whakapapa Village, Tongariro National Park - North Island > Bay of Plenty > Central North Island > Ruapehu | Phone: 07 892 3897 | Website: https://www.whakapapa.net.nz/ | Categories: RVPark LodgingBusiness"
"1180 km","1123","267","281","7.6","1178.9","26383","25405","Mangatepopo to National Park"
"Mangahuia Campsite","881","22","264","5.7","1184.6","26405","25668","km 1185.6 | Category: Standard | Facilities: Non-powered/tent sites, Shelter for cooking, Water from tap - not treated, boil before use, Toilets - non-flush, Toilets, Water supply | Bookable: Yes | Booking Required: Yes | Trail Pass: Yes | Trail Pass discount (%): 100 | Place: Tongariro National Park | Region: Central North Island"
"National Park (Waimarino)","802","16","94","7.5","1192.1","26420","25763","km 1193.2 | Four Square, well stocked with dehydrated meals and gas. First real shop since Whanganui."
"1200 km","690","116","229","6.8","1198.9","26537","25991","National Park to Whanganui River"
"1210 km","281","184","593","9.9","1208.9","26721","26585","National Park to Whanganui River"
"1220 km","207","75","149","10","1218.9","26796","26733","National Park to Whanganui River"
"1230 km","179","230","258","10","1228.9","27026","26991","National Park to Whanganui River"
"1240 km","131","266","314","10.1","1239","27292","27305","National Park to Whanganui River"
"Whakahoro","120","94","105","4.6","1243.7","27385","27410","km 1244.8 | Blue Duck Cafe 8am-3pm Thu-Mon. DoC campsite. Blue Duck Station does meals and accommodation. Accepts resupply boxes."
"Whakahoro Campsite","131","11","0","0.1","1243.8","27396","27410","km 1244.9 | Category: Great Walk | Facilities: Boat launching, Non-powered/tent sites, Shelter for cooking, Water from tap - not treated, boil before use, Wheelchair accessible with assistance, Toilets - non-flush, Toilets, Water supply | Bookable: Yes | Booking Required: Yes | Trail Pass: No | Trail Pass discount (%): 0 | Place: Whanganui National Park | Region: Manawatu/Whanganui"
"1250 km","141","182","171","5.1","1248.9","27578","27582","National Park to Whanganui River"
"Mosley's Campsite","248","171","64","4.2","1253.2","27749","27645","km 1254.2 | Category: Backcountry | Facilities: 10 non powered tent sites | Bookable: No | Booking Required: No | Trail Pass: Yes | Trail Pass discount (%): 100 | Place: Whanganui National Park | Region: Whanganui"
"1260 km","570","457","136","5.8","1258.9","28205","27781","National Park to Whanganui River"
"Mangapurua Trig Campsite","623","82","29","0.8","1259.7","28287","27809","km 1260.7 | Category: Backcountry | Facilities: Toilet (non-flush) | Bookable: No | Booking Required: No | Trail Pass: Yes | Trail Pass discount (%): 100 | Place: Whanganui National Park | Region: Whanganui"
"Johnsons Campsite","241","90","472","6.1","1265.8","28377","28281","km 1266.7 | Category: Backcountry | Facilities: 10 non powered sites, Toilet (non-flush) | Bookable: No | Booking Required: No | Trail Pass: Yes | Trail Pass discount (%): 100 | Place: Whanganui National Park | Region: Whanganui"
"1270 km","194","49","96","3.3","1269.1","28426","28377","National Park to Whanganui River"
"Bettjemann Campsite","191","0","3","0.3","1269.4","28426","28380","km 1270.2 | Category: Backcountry | Facilities: Toilet (non-flush) | Bookable: No | Booking Required: No | Trail Pass: Yes | Trail Pass discount (%): 100 | Place: Whanganui National Park | Region: Whanganui"
"1280 km","86","386","491","9.7","1279.1","28812","28870","National Park to Whanganui River"
"Mangapurua Campsite","67","120","139","1.8","1280.9","28931","29009","km 1281.8 | Category: Great Walk | Facilities: Non-powered/tent sites, Shelter for cooking, Water from tap - not treated, boil before use, Toilets - non-flush, Toilets, Water supply | Bookable: Yes | Booking Required: Yes | Trail Pass: No | Trail Pass discount (%): 0 | Place: Whanganui National Park | Region: Manawatu/Whanganui"
"1290 km","46","45","66","8.2","1289.2","28976","29074","Whanganui River - via Whanganui River"
"Tīeke Marae/kāinga","42","3","7","2.1","1291.3","28979","29081","km 1292.0 | Category: Great Walk | Facilities: Cooking, Heating, Mattresses, Toilets - non-flush, Water from tap - not treated, boil before use, Water supply | Bookable: Yes | Booking Required: Yes | Trail Pass: No | Trail Pass discount (%): 0 | Place: Whanganui National Park | Region: Manawatu/Whanganui"
"Tīeke Marae/kāinga Campsite","42","0","0","0","1291.3","28979","29081","km 1292.0 | Category: Great Walk | Facilities: Non-powered/tent sites, Shelter for cooking, Water from tap - not treated, boil before use, Toilets - non-flush, Toilets, Water supply | Bookable: Yes | Booking Required: Yes | Trail Pass: No | Trail Pass discount (%): 0 | Place: Whanganui National Park | Region: Manawatu/Whanganui"
"1300 km","41","108","108","8.1","1299.4","29086","29189","Whanganui River - via Whanganui River"
"Ngaporo Campsite","88","111","65","4.3","1303.7","29197","29254","km 1304.5 | Category: Great Walk | Facilities: Non-powered/tent sites, Shelter for cooking, Water from tap - not treated, boil before use, Toilets - non-flush, Toilets, Water supply | Bookable: Yes | Booking Required: Yes | Trail Pass: No | Trail Pass discount (%): 0 | Place: Whanganui National Park | Region: Manawatu/Whanganui"
"1310 km","41","57","104","5.3","1309","29254","29358","Whanganui River - via Whanganui River"
"Pipiriki","40","2","3","3.8","1312.8","29256","29361","km 1313.6 | Minimal cafe and shop at the campground. Jetboat transfers."
"1320 km","40","3","3","6.6","1319.4","29259","29364","Whanganui River - via Whanganui River"
"1330 km","20","12","32","9.8","1329.2","29271","29395","Whanganui River - via Whanganui River"
"Matahiwi","20","3","3","5.9","1335.1","29274","29398","km 1335.8 | Matahiwi Gallery and Cafe: coffee, cold drinks, local knowledge."
"1340 km","21","4","3","4","1339.1","29278","29401","Whanganui River - via Whanganui River"
"1350 km","20","7","8","9.8","1349","29285","29409","Whanganui River - via Whanganui River"
"Downes Hut","21","2","1","2.6","1351.6","29287","29410","km 1352.6 | Category: Serviced | Facilities: Heating, Mattresses, Toilets - non-flush, Water from tap - not treated, boil before use, Water supply | Bookable: No | Booking Required: Yes | Trail Pass: Yes | Trail Pass discount (%): 20 | Place: Whanganui National Park | Region: Manawatu/Whanganui"
"1360 km","20","5","7","7.8","1359.4","29292","29417","Whanganui River - via Whanganui River"
"1370 km","20","6","6","9.9","1369.2","29298","29423","Whanganui River - via Whanganui River"
"1380 km","20","7","7","10","1379.3","29305","29430","Whanganui River - via Whanganui River"
"1390 km","20","8","8","9.5","1388.8","29313","29438","Whanganui River - via Whanganui River"
"Wanganui Top 10 Holiday Park","20","0","0","7.1","1395.9","29313","29438","km 1396.7 | Facilities: Holiday park accommodation, motel units, campground, motorhomes, campervans, tent & powered sites | Address: 460 Somme Parade, Upper Aramoho, Wanganui | Phone: (06) 343 8402 | Website: http://www.wrivertop10.co.nz | Categories: RVPark LodgingBusiness"
"1400 km","20","0","0","3.2","1399.1","29313","29438","Whanganui River - via Whanganui River"
"Caroline's Outback Camping Ground","20","0","0","0.3","1399.4","29313","29438","km 1400.1 | Facilities: Bar & restaurant. Campervan park accommodation: tent sites for camping, powered sites for caravans & campervans, dump station | Address: 181 Somme Parade, Aramoho, Wanganui | Phone: (06) 281 3377 | Website: https://nzcamping.com/camp-directory/camp-listing/north-island/whanganui-manawatu/carolines-outback-camping-ground/ | Categories: BarOrPub Restaurant RVPark LodgingBusiness"
"Whanganui","20","0","0","3.4","1402.8","29313","29438","km 1403.6 | New World, Countdown, Pak'nSave. Kathmandu; Wilsons Hunting and Outdoors stores bounce boxes. Accepts resupply boxes."
"1410 km","7","24","37","6.4","1409.2","29337","29475","Whanganui to Bulls"
"1420 km","2","5","10","10.4","1419.6","29342","29485","Whanganui to Bulls"
"1430 km","0","20","22","9.6","1429.2","29362","29507","Whanganui to Bulls"
"1450 km","39","61","22","19.8","1449","29423","29528","Whanganui to Bulls"
"1460 km","47","46","38","10.2","1459.2","29469","29566","Whanganui to Bulls"
"Bulls","51","5","1","1.9","1461.2","29474","29567","km 1462.1 | Four Square at 114 Bridge St, plus takeaways."
"Bulls Motel and Holiday Park","39","0","12","1.3","1462.5","29474","29579","km 1463.3 | Facilities: Accommodation: motel, tent sites, powered caravan/campervan sites | Address: 2 Bridge Street, Bulls | Phone: (06) 322 0894 | Website: https://www.bullsmotel.co.nz/ | Categories: Motel LodgingBusiness"
"1470 km","100","71","10","6.4","1468.9","29545","29589","Bulls to Feilding"
"1480 km","100","75","75","10.1","1479","29619","29664","Bulls to Feilding"
"Feilding","70","3","33","3.7","1482.8","29623","29697","km 1483.7 | New World, Bin Inn. Friday farmers market. 2-3 km off trail."
"Bunnythorpe","54","3","19","8.9","1491.7","29626","29716","km 1492.7 | Dairy, takeaway bar and toilets, on trail."
"1500 km","38","1","17","7.8","1499.5","29627","29733","Feilding to Palmerston North"
"Palmerston North","34","2","6","2.6","1502.1","29628","29739","km 1503.1 | Pak'nSave, Woolworths, New World, Bin Inn. Full resupply."
"1510 km","60","48","22","6.9","1509","29676","29761","Palmerston North to Poads Road"
"1520 km","182","280","158","9.9","1518.9","29956","29918","Palmerston North to Poads Road"
"1530 km","227","316","272","9.9","1528.9","30272","30190","Palmerston North to Poads Road"
"Moturimu Shelter","357","415","285","6.5","1535.4","30687","30475","km 1536.5 | Facilities: shelter | Categories: Free Shelter and Campsite"
"1540 km","503","157","11","3.5","1538.9","30844","30486","Palmerston North to Poads Road"
"1550 km","293","674","883","10.2","1549.1","31518","31369","Palmerston North to Poads Road"
"Ian and Franks Hut","300","64","57","1.2","1550.3","31581","31426","km 1551.3 | Facilities: Free hut | Categories: Free Shelter and Campsite"
"1560 km","641","511","170","8.7","1559","32092","31596","Palmerston North to Poads Road"
"Millblock Campsite","199","101","542","5.6","1564.5","32192","32138","km 1565.6 | Facilities: campsite | Categories: Free Campsite"
"1570 km","143","38","94","4.4","1568.9","32230","32232","Palmerston North to Poads Road"
"1580 km","615","603","131","10","1578.9","32832","32362","Tararua Ranges"
"Waiopehu Hut","969","415","60","3.9","1582.9","33247","32422","km 1583.9 | Category: Standard | Facilities: Mattresses, Toilets - non-flush, Water from tap - not treated, boil before use, Water supply | Bookable: No | Booking Required: No | Trail Pass: Yes | Trail Pass discount (%): 100 | Place: Tararua Forest Park | Region: Wellington/Kapiti"
"Te Matawai Hut","890","505","584","5.4","1588.3","33752","33007","km 1589.3 | Category: Standard | Facilities: Heating, Mattresses, Toilets - non-flush, Water from tap - not treated, boil before use, Water supply | Bookable: No | Booking Required: No | Trail Pass: Yes | Trail Pass discount (%): 100 | Place: Tararua Forest Park | Region: Wellington/Kapiti"
"1590 km","948","73","15","0.7","1589","33824","33021","Tararua Ranges"
"Dracophyllum Hut","1094","660","513","6.8","1595.8","34484","33534","km 1596.7 | Category: Basic/bivvies | Facilities: Mattresses, Toilets - non-flush, Water from tap - not treated, boil before use, Water supply | Bookable: No | Booking Required: No | Trail Pass: Yes | Trail Pass discount (%): 100 | Place: Tararua Forest Park | Region: Wellington/Kapiti"
"1600 km","1019","224","299","3.3","1599.1","34708","33834","Tararua Ranges"
"Nichols Hut","1199","294","114","1.9","1601","35002","33948","km 1601.8 | Category: Standard | Facilities: Heating, Mattresses, Toilets - non-flush, Water from tap - not treated, boil before use, Water supply | Bookable: No | Booking Required: No | Trail Pass: Yes | Trail Pass discount (%): 100 | Place: Tararua Forest Park | Region: Wairarapa"
"1610 km","301","387","1285","8.4","1609.3","35389","35232","Tararua Ranges"
"Waitewaewae Hut","299","0","2","0.3","1609.6","35389","35234","km 1610.2 | Category: Standard | Facilities: Heating, Mattresses, Toilets - non-flush, Water from tap - not treated, boil before use, Water supply | Bookable: No | Booking Required: No | Trail Pass: Yes | Trail Pass discount (%): 100 | Place: Ōtaki Forks area | Region: Wellington/Kapiti"
"1620 km","143","564","720","9.9","1619.5","35952","35954","Tararua Ranges"
"Parawai Lodge","116","0","27","0.2","1619.7","35952","35981","km 1620.1 | Category: Standard | Facilities: Heating, Mattresses, Toilets - non-flush, Water from tap - not treated, boil before use, Water supply | Bookable: No | Booking Required: No | Trail Pass: Yes | Trail Pass discount (%): 100 | Place: Ōtaki Forks area | Region: Wellington/Kapiti"
"Boielles Campsite","100","0","16","0.2","1619.8","35952","35997","km 1620.3 | Category: Standard | Facilities: 15 non powered sites, Toilets (flush), water, cooking shelter | Bookable: Yes | Booking Required: Yes | Trail Pass: Yes | Trail Pass discount (%): 100 | Place: Tararua Forest Park | Region: Wellington"
"1630 km","736","847","211","9.6","1629.4","36799","36208","Pukeatua Track"
"1640 km","111","203","828","10","1639.4","37002","37036","Pukeatua Track"
"Waikanae","31","43","123","6.1","1645.5","37045","37159","km 1646.1 | Countdown and New World near the town centre. No backpackers."
"1650 km","15","0","17","3.8","1649.3","37045","37175","Kāpiti Coast"
"El Rancho","11","0","4","0.7","1650","37045","37179","km 1650.7 | Facilities: Waikanae Christian Holiday park, camping ground, accommodation, conference centre, Zenbu Wi-Fi wireless internet, cheap, no time limit wifi hot-spot. | Address: 58 Weggery Drive,  Waikanae Beach, Kapiti Coast New Zealand | Phone: 64 4 902 6287 | Website: http://www.elrancho.co.nz | Categories: RVPark LodgingBusiness"
"Paraparaumu Beach","2","13","22","5.5","1655.6","37058","37201","km 1656.3 | Cafes, shops and a small supermarket."
"1660 km","1","2","3","3.9","1659.5","37060","37203","Kāpiti Coast"
"Paekakariki","19","79","62","8.3","1667.8","37139","37265","km 1668.4 | Dairy/grocery, two fruit and vegetable shops, cafes and a pub."
"1670 km","22","11","7","1.5","1669.3","37149","37272","Escarpment Track"
"1680 km","56","577","543","10.1","1679.4","37726","37815","Ara Harakeke (Flax Pathway)"
"1690 km","24","73","105","10","1689.4","37800","37920","Ara Harakeke (Flax Pathway)"
"Porirua","15","30","39","2.5","1691.9","37829","37959","km 1692.5 | New World, Woolworths and Pak'nSave together, 150 m off trail."
"Camp Elsdon","54","52","14","1.8","1693.7","37882","37972","km 1694.2 | Facilities: Accommodation: tent sites, powered caravan/campervan sites, dump station | Address: 18 Raiha Street, Porirua | Phone: (04) 237 8987 | Website: https://www.campelsdon.co.nz/ | Categories: LodgingBusiness"
"1700 km","272","472","255","5.8","1699.4","38354","38227","Rangituhi/ Colonial Knob Walk"
"1710 km","260","282","294","10","1709.4","38636","38521","Rangituhi/ Colonial Knob Walk"
"1720 km","149","458","569","10","1719.4","39094","39090","Ngaio"
"Wellington","6","303","445","6.4","1725.7","39396","39535","km 1726.3 | Capital: full resupply, gear stores, bulk-food refilleries. End of the North Island. Accepts resupply boxes."
"1730 km","124","198","80","3.6","1729.4","39594","39615","Wellington South"
"Trail ends - Te Moana O Raukawa","7","301","418","9","1738.3","39895","40033","The walking route stops here and starts again 52.7 km away. Crossed by Picton to Ship Cove - Water Taxi and Te Moana O Raukawa - Ferry Crossing."
"1740 km","105","125","25","1.1","1739.4","40020","40058","Queen Charlotte Track"
"Schoolhouse Bay Campsite","12","334","427","4.7","1744.1","40355","40485","km 1744.6 | Category: Backcountry | Facilities: Non-powered/tent sites, Water from tap - not treated, boil before use, Toilets - non-flush, Toilets, Water supply | Bookable: Yes | Booking Required: Yes | Trail Pass: Yes | Trail Pass discount (%): 100 | Place: Queen Charlotte Sound/Tōtaranui area | Region: Marlborough"
"1750 km","168","542","386","5.4","1749.5","40896","40871","Queen Charlotte Track"
"1760 km","19","417","566","10","1759.5","41313","41437","Queen Charlotte Track"
"Camp Bay Campsite","19","337","337","6.4","1765.9","41650","41774","km 1766.4 | Category: Standard | Facilities: Non-powered/tent sites, Shelter for cooking, Toilets - flush, Water from tap - not treated, boil before use, Toilets, Water supply | Bookable: Yes | Booking Required: Yes | Trail Pass: Yes | Trail Pass discount (%): 100 | Place: Queen Charlotte Sound/Tōtaranui area | Region: Marlborough"
"1770 km","295","375","100","3.6","1769.4","42025","41873","Queen Charlotte Track"
"Bay Of Many Coves Campsite","344","319","270","5","1774.5","42344","42143","km 1775.0 | Category: Backcountry | Facilities: Non-powered/tent sites, Shelter for cooking, Water from tap - not treated, boil before use, Toilets - non-flush, Toilets, Water supply | Bookable: Yes | Booking Required: Yes | Trail Pass: Yes | Trail Pass discount (%): 100 | Place: Queen Charlotte Sound/Tōtaranui area | Region: Marlborough"
"1780 km","341","253","256","5","1779.5","42597","42399","Queen Charlotte Track"
"Black Rock Campsite","320","238","260","4.4","1783.9","42835","42659","km 1784.5 | Category: Backcountry | Facilities: Non-powered/tent sites, Water from tap - not treated, boil before use, Toilets - non-flush, Toilets, Water supply | Bookable: Yes | Booking Required: Yes | Trail Pass: Yes | Trail Pass discount (%): 100 | Place: Queen Charlotte Sound/Tōtaranui area | Region: Marlborough"
"Cowshed Bay Campsite","106","229","442","5.1","1789","43064","43101","km 1789.6 | Category: Standard | Facilities: Non-powered/tent sites, Shelter for cooking, Shower - cold, Toilets - flush, Water from tap - not treated, boil before use, Wheelchair accessible with assistance, Toilets, Water supply | Bookable: Yes | Booking Required: Yes | Trail Pass: Yes | Trail Pass discount (%): 100 | Place: Pelorus Sound/Te Hoiere and Kenepuru Sound area | Region: Marlborough"
"1790 km","178","76","4","0.4","1789.5","43139","43105","Queen Charlotte Track"
"Eco Village Mistletoe Bay","94","407","491","7.1","1796.5","43547","43596","km 1797.1 | Facilities: Accommodation, camping | Address: Mistletoe Bay Recreation Reserve, Marlborough Sounds | Phone: 021 131 8283 | Website: https://www.mistletoebay.co.nz/ | Categories: RVPark LodgingBusiness"
"1800 km","146","152","100","2.8","1799.4","43699","43696","Queen Charlotte Track"
"Davies Bay Campsite","5","388","529","6.3","1805.7","44087","44225","km 1806.3 | Category: Backcountry | Facilities: Non-powered/tent sites, Shelter for cooking, Water from tap - not treated, boil before use, Toilets - non-flush, Toilets, Water supply | Bookable: Yes | Booking Required: Yes | Trail Pass: Yes | Trail Pass discount (%): 100 | Place: Queen Charlotte Sound/Tōtaranui area | Region: Marlborough"
"1810 km","2","161","164","3.7","1809.4","44247","44388","Anakiwa to Pelorus Bridge"
"1820 km","8","62","56","9.9","1819.4","44309","44444","Anakiwa to Pelorus Bridge"
"Havelock Holiday Park","9","589","587","9","1828.4","44898","45032","km 1829.0 | Facilities: Accommodation: basic cabins, tent sites, powered caravan/campervan sites, dump station | Address: 24 Inglis Street, Havelock | Phone: 021 082 67068 | Website: https://www.havelockholidaypark.kiwi/#/ | Categories: LodgingBusiness"
"Havelock","9","0","0","0","1828.4","44898","45032","km 1829.1 | Small Four Square, post office, cafes. Havelock Holiday Park accepts food parcels. Accepts resupply boxes."
"1830 km","7","8","10","1","1829.4","44906","45042","Anakiwa to Pelorus Bridge"
"1840 km","21","27","13","9.9","1839.3","44933","45055","Anakiwa to Pelorus Bridge"
"1850 km","40","41","22","10.1","1849.4","44973","45077","Anakiwa to Pelorus Bridge"
"Pelorus Bridge Campground","46","7","0","0.3","1849.7","44980","45077","km 1850.4 | Category: Serviced | Facilities: Cookers/electric stove, Non-powered/tent sites, Phone, Powered sites, Shelter for cooking, Shower - hot, Wheelchair accessible, Water from tap - treated, suitable for drinking, Toilets - non-flush, Toilets | Bookable: Yes | Booking Required: Yes | Trail Pass: Yes | Trail Pass discount (%): 20 | Place: Pelorus Bridge Scenic Reserve | Region: Marlborough"
"1860 km","110","247","183","9.7","1859.3","45227","45260","Pelorus River Track"
"1870 km","184","490","417","10","1869.3","45718","45677","Pelorus River Track"
"Captains Creek Hut","121","173","236","2.4","1871.7","45890","45912","km 1872.4 | Category: Standard | Facilities: Heating, Mattresses, Toilets - non-flush, Water from stream, Water supply | Bookable: No | Booking Required: No | Trail Pass: Yes | Trail Pass discount (%): 100 | Place: Mount Richmond Forest Park | Region: Marlborough"
"Middy Creek Hut","158","387","350","4.9","1876.6","46277","46262","km 1877.2 | Category: Standard | Facilities: Heating, Mattresses, Toilets - non-flush, Water from stream, Water supply | Bookable: No | Booking Required: No | Trail Pass: Yes | Trail Pass discount (%): 100 | Place: Mount Richmond Forest Park | Region: Marlborough"
"1880 km","560","404","2","2.8","1879.3","46681","46264","Pelorus River Track"
"Rocks Hut","808","268","19","1.9","1881.3","46948","46283","km 1882.0 | Category: Standard | Facilities: Heating, Mattresses, Toilets - non-flush, Water from tap - not treated, boil before use, Water supply | Bookable: No | Booking Required: No | Trail Pass: Yes | Trail Pass discount (%): 100 | Place: Mount Richmond Forest Park | Region: Marlborough"
"1890 km","798","363","374","8","1889.3","47312","46657","Pelorus River Track"
"Browning Hut","483","40","355","2.6","1891.9","47351","47012","km 1892.6 | Category: Standard | Facilities: Heating, Mattresses, Toilets - non-flush, Water from stream, Water supply | Bookable: No | Booking Required: No | Trail Pass: Yes | Trail Pass discount (%): 100 | Place: Mount Richmond Forest Park | Region: Nelson/Tasman"
"Hacket Hut","260","76","299","3.3","1895.2","47428","47311","km 1896.0 | Category: Standard | Facilities: Heating, Mattresses, Toilets - non-flush, Water from stream, Water supply | Bookable: No | Booking Required: No | Trail Pass: Yes | Trail Pass discount (%): 100 | Place: Mount Richmond Forest Park | Region: Nelson/Tasman"
"1900 km","865","651","46","4.1","1899.3","48079","47357","Richmond Alpine Track"
"Starveall Hut","1192","335","8","1.9","1901.2","48414","47365","km 1901.9 | Category: Standard | Facilities: Heating, Mattresses, Toilets - non-flush, Water from tap - not treated, boil before use, Water supply | Bookable: No | Booking Required: No | Trail Pass: Yes | Trail Pass discount (%): 100 | Place: Mount Richmond Forest Park | Region: Nelson/Tasman"
"Slaty Hut","1388","495","299","5","1906.2","48909","47665","km 1906.8 | Category: Standard | Facilities: Heating, Mattresses, Toilets - non-flush, Water from tap - not treated, boil before use, Water supply | Bookable: No | Booking Required: No | Trail Pass: Yes | Trail Pass discount (%): 100 | Place: Mount Richmond Forest Park | Region: Nelson/Tasman"
"1910 km","1381","191","198","3.1","1909.3","49100","47862","Richmond Alpine Track"
"Mt Rintoul Hut","1251","1009","1138","10.1","1919.4","50109","49001","km 1919.7 | Category: Standard | Facilities: Heating, Mattresses, Toilets - non-flush, Water from tap - not treated, boil before use, Water supply | Bookable: No | Booking Required: No | Trail Pass: Yes | Trail Pass discount (%): 100 | Place: Mount Richmond Forest Park | Region: Marlborough"
"1920 km","1234","0","18","0.2","1919.6","50109","49018","Richmond Alpine Track"
"Tarn Hut","1020","479","693","8.1","1927.7","50588","49711","km 1928.0 | Category: Standard | Facilities: Heating, Mattresses, Toilets - non-flush, Water from tap - not treated, boil before use, Water supply | Bookable: No | Booking Required: No | Trail Pass: Yes | Trail Pass discount (%): 100 | Place: Mount Richmond Forest Park | Region: Marlborough"
"1930 km","1130","215","105","2","1929.7","50803","49816","Richmond Alpine Track"
"Mid Wairoa Hut","379","103","853","5","1934.6","50906","50670","km 1934.8 | Category: Standard | Facilities: Heating, Mattresses, Toilets - non-flush, Water from stream, Water supply | Bookable: No | Booking Required: No | Trail Pass: Yes | Trail Pass discount (%): 100 | Place: Mount Richmond Forest Park | Region: Nelson/Tasman"
"1940 km","607","320","92","5.2","1939.8","51225","50762","Richmond Alpine Track"
"Top Wairoa Hut","858","278","26","1.8","1941.6","51503","50788","km 1941.7 | Category: Standard | Facilities: Heating, Mattresses, Toilets - non-flush, Water from stream, Water supply | Bookable: No | Booking Required: No | Trail Pass: Yes | Trail Pass discount (%): 100 | Place: Mount Richmond Forest Park | Region: Nelson/Tasman"
"1950 km","803","685","740","8.4","1950","52188","51528","Richmond Alpine Track"
"Hunters Hut","842","117","79","1.9","1951.9","52305","51606","km 1951.9 | Category: Standard | Facilities: Heating, Mattresses, Toilets - non-flush, Water from tap - not treated, boil before use, Water supply | Bookable: No | Booking Required: No | Trail Pass: Yes | Trail Pass discount (%): 100 | Place: Mount Richmond Forest Park | Region: Nelson/Tasman"
"Porters Creek Hut","894","572","520","6.9","1958.8","52877","52126","km 1958.7 | Category: Standard | Facilities: Heating, Mattresses, Toilets - non-flush, Water from stream, Water supply | Bookable: No | Booking Required: No | Trail Pass: Yes | Trail Pass discount (%): 100 | Place: Mount Richmond Forest Park | Region: Nelson/Tasman"
"1960 km","721","9","183","1.3","1960.1","52886","52309","Richmond Alpine Track"
"Red Hills Hut","904","671","488","10","1970.1","53557","52796","km 1970.0 | Category: Standard | Facilities: Mattresses, Toilets - non-flush, Water from tap - not treated, boil before use, Water supply | Bookable: No | Booking Required: No | Trail Pass: Yes | Trail Pass discount (%): 100 | Place: Mount Richmond Forest Park | Region: Nelson/Tasman"
"1970 km","904","0","0","0","1970.1","53557","52796","Richmond Alpine Track"
"1980 km","1001","659","562","10","1980.1","54217","53359","Richmond Alpine Track"
"1990 km","640","55","416","10.1","1990.2","54272","53775","Richmond Alpine Track"
"St Arnaud","640","0","0","0.4","1990.6","54272","53775","km 1990.5 | General store and 24 hr NPD station; DoC centre sells gas and dehydrated meals. Alpine Lodge holds parcels ($15-30). Expensive. Accepts resupply boxes."
"Kerr Bay Campsite","628","0","12","0.6","1991.2","54272","53787","km 1991.1 | Category: Serviced | Facilities: Boat launching, Cookers/electric stove, Dump station, Non-powered/tent sites, Powered sites, Shelter for cooking, Shower - hot, Toilets - flush, Wheelchair accessible, Water from tap - treated, suitable for drinking, Toilets | Bookable: Yes | Booking Required: Yes | Trail Pass: Yes | Trail Pass discount (%): 20 | Place: Nelson Lakes National Park | Region: Nelson/Tasman"
"2000 km","620","132","140","8.7","2000","54404","53927","Waiau Pass Track"
"Coldwater Hut","620","0","0","0.1","2000.1","54404","53927","km 2000.2 | Category: Standard | Facilities: Heating, Mattresses, Toilets - non-flush, Water from tap - not treated, boil before use, Water supply | Bookable: No | Booking Required: No | Trail Pass: Yes | Trail Pass discount (%): 100 | Place: Nelson Lakes National Park | Region: Nelson/Tasman"
"Lakehead Hut","621","3","2","0.8","2000.9","54407","53929","km 2001.0 | Category: Serviced | Facilities: Heating, Mattresses, Toilets - non-flush, Water from tap - not treated, boil before use, Water supply | Bookable: No | Booking Required: Yes | Trail Pass: Yes | Trail Pass discount (%): 20 | More Info: Camping next to hut included in The Trail Pass. | Place: Nelson Lakes National Park | Region: Nelson/Tasman"
"2010 km","720","230","131","9","2009.9","54636","54060","Waiau Pass Track"
"John Tait Hut","813","158","65","5.3","2015.2","54795","54125","km 2015.5 | Category: Serviced | Facilities: Heating, Mattresses, Toilets - non-flush, Water from tap - not treated, boil before use, Water supply | Bookable: No | Booking Required: Yes | Trail Pass: Yes | Trail Pass discount (%): 20 | More Info: Camping next to hut included in The Trail Pass. | Place: Nelson Lakes National Park | Region: Nelson/Tasman"
"2020 km","1125","349","37","4.5","2019.7","55143","54161","Waiau Pass Track"
"Upper Travers Hut","1319","209","16","1.6","2021.3","55353","54177","km 2021.8 | Category: Serviced | Facilities: Heating, Mattresses, Toilets - non-flush, Water from tap - not treated, boil before use, Water supply | Bookable: No | Booking Required: Yes | Trail Pass: Yes | Trail Pass discount (%): 20 | More Info: Camping next to hut included in The Trail Pass. | Place: Nelson Lakes National Park | Region: Nelson/Tasman"
"West Sabine Hut","680","614","1253","8.2","2029.5","55967","55430","km 2029.9 | Category: Serviced | Facilities: Heating, Mattresses, Toilets - non-flush, Water from tap - not treated, boil before use, Water supply | Bookable: No | Booking Required: Yes | Trail Pass: Yes | Trail Pass discount (%): 20 | More Info: Camping next to hut included in The Trail Pass. | Place: Nelson Lakes National Park | Region: Nelson/Tasman"
"2030 km","680","1","1","0.2","2029.7","55968","55431","Waiau Pass Track"
"Blue Lake Hut","1188","553","45","6.9","2036.6","56521","55475","km 2037.1 | Category: Serviced | Facilities: Heating, Mattresses, Toilets - non-flush, Water from tap - not treated, boil before use, Water supply | Bookable: No | Booking Required: Yes | Trail Pass: Yes | Trail Pass discount (%): 20 | More Info: Camping next to hut included in The Trail Pass. | Place: Nelson Lakes National Park | Region: Nelson/Tasman"
"2040 km","1339","337","186","2.9","2039.5","56857","55661","Waiau Pass Track"
"2050 km","905","542","976","10.3","2049.8","57399","56637","Waiau Pass Track"
"Waiau Hut","859","2","48","3.3","2053.1","57401","56685","km 2053.4 | Category: Standard | Facilities: Heating, Mattresses, Toilets - non-flush, Water from tap - not treated, boil before use, Water supply | Bookable: No | Booking Required: No | Trail Pass: Yes | Trail Pass discount (%): 100 | Place: St James Conservation Area | Region: Canterbury"
"2060 km","801","37","95","6.7","2059.8","57438","56780","Waiau Pass Track"
"2070 km","750","14","65","10","2069.8","57452","56845","Waiau Pass Track"
"Anne Hut","888","216","78","9.3","2079.1","57668","56923","km 2079.4 | Category: Serviced | Facilities: Heating, Mattresses, Toilets - non-flush, Water from tap - not treated, boil before use, Water supply | Bookable: No | Booking Required: Yes | Trail Pass: Yes | Trail Pass discount (%): 20 | More Info: Camping next to hut included in The Trail Pass. Bookings required from 18th November | Place: St James Conservation Area | Region: Canterbury"
"2080 km","901","15","2","0.6","2079.7","57683","56925","Waiau Pass Track"
"2090 km","939","364","326","9.9","2089.6","58047","57251","Waiau Pass Track"
"Rokeby Hut","856","6","89","2.8","2092.4","58052","57340","km 2092.9 | Category: Basic/bivvies | Facilities: Toilets - non-flush, Water from stream, Water supply | Bookable: No | Booking Required: No | Trail Pass: Yes | Trail Pass discount (%): 100 | Place: St James Conservation Area | Region: Canterbury"
"Boyle Flat Hut","792","63","127","4","2096.4","58115","57467","km 2096.9 | Category: Serviced | Facilities: Heating, Mattresses, Toilets - non-flush, Water from tap - not treated, boil before use, Water supply | Bookable: No | Booking Required: Yes | Trail Pass: Yes | Trail Pass discount (%): 20 | Place: St James Conservation Area | Region: Canterbury"
"2100 km","740","136","187","3.1","2099.5","58251","57654","Waiau Pass Track"
"Magdalen Hut","763","34","11","0.6","2100.1","58285","57665","km 2100.6 | Category: Standard | Facilities: Heating, Mattresses, Toilets - non-flush, Water from tap - not treated, boil before use, Water supply | Bookable: No | Booking Required: No | Trail Pass: Yes | Trail Pass discount (%): 100 | More Info: Included in The Trail Pass | Place: St James Conservation Area | Region: Canterbury"
"Boyle Village","590","156","329","8.4","2108.5","58441","57994","km 2109.2 | No shop. Boyle River Outdoor Education Centre holds resupply boxes, sells basic food, beds $50. Accepts resupply boxes."
"Boyle Campsite","583","0","7","0.2","2108.8","58441","58001","km 2109.3 | Category: Standard | Facilities: Non-powered/tent sites, Water from tap - not treated, boil before use, Wheelchair accessible with assistance, Toilets - non-flush, Toilets, Water supply | Bookable: No | Booking Required: Yes | Trail Pass: Yes | Trail Pass discount (%): 100 | Place: Lake Sumner Forest Park | Region: Canterbury"
"2110 km","580","1","4","0.5","2109.3","58442","58005","Boyle to Arthur's Pass"
"2120 km","557","111","134","10.1","2119.3","58552","58138","Boyle to Arthur's Pass"
"Hope Halfway Hut","567","302","292","9.2","2128.5","58854","58430","km 2129.3 | Category: Basic/bivvies | Facilities: Mattresses, Toilets - non-flush, Water from stream, Water supply | Bookable: No | Booking Required: No | Trail Pass: Yes | Trail Pass discount (%): 100 | Place: Lake Sumner Forest Park | Region: Canterbury"
"2130 km","570","61","58","0.7","2129.2","58915","58488","Boyle to Arthur's Pass"
"Hope Kiwi Lodge","640","108","38","6.6","2135.8","59022","58526","km 2136.6 | Category: Serviced | Facilities: Heating, Mattresses, Toilets - non-flush, Water from tap - not treated, boil before use, Water supply | Bookable: No | Booking Required: Yes | Trail Pass: Yes | Trail Pass discount (%): 20 | Place: Lake Sumner Forest Park | Region: Canterbury"
"2140 km","682","55","12","3.4","2139.2","59077","58538","Boyle to Arthur's Pass"
"2150 km","563","285","405","9.9","2149.1","59362","58943","Boyle to Arthur's Pass"
"Hurunui Hut","615","116","64","4.2","2153.3","59479","59007","km 2154.4 | Category: Standard | Facilities: Heating, Mattresses, Toilets - non-flush, Water from tap - not treated, boil before use, Water supply | Bookable: No | Booking Required: No | Trail Pass: Yes | Trail Pass discount (%): 100 | Place: Lake Sumner Forest Park | Region: Canterbury"
"2160 km","620","163","158","5.6","2158.9","59642","59165","Boyle to Arthur's Pass"
"Hurunui No. 3 Hut","643","60","37","4.3","2163.1","59702","59202","km 2164.3 | Category: Standard | Facilities: Heating, Mattresses, Toilets - non-flush, Water from tap - not treated, boil before use, Water supply | Bookable: No | Booking Required: No | Trail Pass: Yes | Trail Pass discount (%): 100 | Place: Lake Sumner Forest Park | Region: Canterbury"
"Camerons Hut","698","63","8","3.4","2166.6","59765","59210","km 2168.0 | Category: Basic/bivvies | Facilities: Heating, Toilets - non-flush, Water from stream, Water supply | Bookable: No | Booking Required: No | Trail Pass: Yes | Trail Pass discount (%): 100 | Place: Lake Sumner Forest Park | Region: Canterbury"
"2170 km","734","40","3","2.2","2168.7","59804","59213","Boyle to Arthur's Pass"
"Harper Pass Bivvy","835","152","51","3.5","2172.3","59956","59264","km 2173.6 | Category: Basic/bivvies | Facilities: Mattresses, Toilets - non-flush, Water from stream, Water supply | Bookable: No | Booking Required: No | Trail Pass: Yes | Trail Pass discount (%): 100 | Place: Lake Sumner Forest Park | Region: Canterbury"
"Locke Stream Hut","498","210","547","6.2","2178.5","60166","59811","km 2179.7 | Category: Standard | Facilities: Heating, Mattresses, Toilets - non-flush, Water from stream, Water supply | Bookable: No | Booking Required: No | Trail Pass: Yes | Trail Pass discount (%): 100 | Place: Arthur's Pass National Park | Region: West Coast"
"2180 km","486","0","13","0.3","2178.7","60166","59824","Boyle to Arthur's Pass"
"Kiwi Hut","337","8","156","7.7","2186.5","60174","59980","km 2187.8 | Category: Standard | Facilities: Heating, Mattresses, Toilets - non-flush, Water from tap - not treated, boil before use, Water supply | Bookable: No | Booking Required: No | Trail Pass: Yes | Trail Pass discount (%): 100 | Place: Arthur's Pass National Park | Region: West Coast"
"2190 km","320","3","20","2.1","2188.6","60177","60000","Boyle to Arthur's Pass"
"2200 km","288","44","76","10.1","2198.7","60221","60076","Boyle to Arthur's Pass"
"2210 km","539","281","31","10","2208.7","60503","60107","Boyle to Arthur's Pass"
"Upper Deception Hut","727","193","4","2.9","2211.5","60695","60111","km 2213.0 | Category: Basic/bivvies | Facilities: Heating, Toilets - non-flush, Water from stream, Water supply | Bookable: No | Booking Required: No | Trail Pass: Yes | Trail Pass discount (%): 100 | Place: Arthur's Pass National Park | Region: Canterbury"
"Goat Pass Hut","1053","335","9","2.3","2213.9","61030","60121","km 2215.2 | Category: Standard | Facilities: Mattresses, Toilets - non-flush, Water from tap - not treated, boil before use, Water supply | Bookable: No | Booking Required: No | Trail Pass: Yes | Trail Pass discount (%): 100 | Place: Arthur's Pass National Park | Region: Canterbury"
"Mingha Bivvy","881","33","205","2.5","2216.4","61063","60326","km 2217.7 | Category: Basic/bivvies | Facilities: Heating, Mattresses, Toilets - non-flush, Water from stream, Water supply | Bookable: No | Booking Required: No | Trail Pass: Yes | Trail Pass discount (%): 100 | Place: Arthur's Pass National Park | Region: Canterbury"
"2220 km","857","40","64","2.4","2218.8","61104","60390","Boyle to Arthur's Pass"
"Klondyke Corner Campsite","644","13","225","7.4","2226.2","61116","60615","km 2227.5 | Category: Standard | Facilities: Non-powered/tent sites, Shelter for cooking, Water from tap - not treated, boil before use, Wheelchair accessible with assistance, Toilets - non-flush, Toilets, Water supply | Bookable: Yes | Booking Required: Yes | Trail Pass: Yes | Trail Pass discount (%): 100 | Place: Arthur's Pass National Park | Region: Canterbury"
"2230 km","620","0","24","2.6","2228.7","61116","60639","Arthur's Pass to Rākaia River"
"Bealey Hut","704","119","34","5","2233.7","61235","60674","km 2235.0 | Category: Basic/bivvies | Facilities: Mattresses, Toilets - non-flush, Water from tap - not treated, boil before use, Water supply | Bookable: No | Booking Required: No | Trail Pass: Yes | Trail Pass discount (%): 100 | Place: Craigieburn Forest Park | Region: Canterbury"
"2240 km","1234","553","23","5.1","2238.8","61788","60697","Arthur's Pass to Rākaia River"
"Lagoon Saddle Hut","1152","0","83","0.6","2239.3","61788","60780","km 2240.6 | Category: Basic/bivvies | Facilities: Mattresses, Toilets - non-flush, Water from stream, Water supply | Bookable: No | Booking Required: No | Trail Pass: Yes | Trail Pass discount (%): 100 | Place: Craigieburn Forest Park | Region: Canterbury"
"Lagoon Saddle A Frame Hut","1141","0","11","0.1","2239.4","61788","60791","km 2240.6 | Category: Basic/bivvies | Facilities: Toilets - non-flush, Water from stream, Water supply | Bookable: No | Booking Required: No | Trail Pass: Yes | Trail Pass discount (%): 100 | Place: Craigieburn Forest Park | Region: Canterbury"
"West Harper Hut","869","92","364","5.4","2244.8","61881","61155","km 2246.1 | Category: Basic/bivvies | Facilities: Heating, Toilets - non-flush, Water from stream, Water supply | Bookable: No | Booking Required: No | Trail Pass: Yes | Trail Pass discount (%): 100 | Place: Craigieburn Forest Park | Region: Canterbury"
"2250 km","785","55","139","4","2248.8","61936","61294","Arthur's Pass to Rākaia River"
"Hamilton Hut","779","0","6","0.1","2248.9","61936","61300","km 2250.1 | Category: Serviced | Facilities: Heating, Mattresses, Toilets - non-flush, Water from tap - not treated, boil before use, Water supply | Bookable: No | Booking Required: Yes | Trail Pass: Yes | Trail Pass discount (%): 20 | Place: Craigieburn Forest Park | Region: Canterbury"
"2260 km","630","12","161","9.8","2258.7","61948","61461","Arthur's Pass to Rākaia River"
"Trustpower Campsite","521","21","131","9.6","2268.3","61969","61592","km 2269.6 | Facilities: Te Araroa"
"2270 km","552","32","0","0.4","2268.7","62001","61592","Arthur's Pass to Rākaia River"
"2280 km","543","124","134","10","2278.7","62125","61725","Arthur's Pass to Rākaia River"
"2290 km","540","111","114","9.9","2288.7","62236","61839","Arthur's Pass to Rākaia River"
"Lake Coleridge Village","389","102","253","8.1","2296.8","62339","62093","km 2298.1 | No shops. Powerhouse Lodge holds bounce boxes and has tent sites. Accepts resupply boxes."
"Trail ends - Rakaia River","370","0","19","0.2","2297","62339","62111","The walking route stops here and starts again 12.6 km away. Crossed by Rakaia River (Hazard Bypass), published as a bypass with no chainage of its own."
"2300 km","597","139","0","1.7","2298.7","62478","62111","Rakaia River to Rangitata River"
"A Frame Hut","1036","624","185","7.6","2306.3","63102","62297","km 2307.7 | Category: Basic/bivvies | Facilities: Mattresses, Toilets - non-flush, Water from stream, Water supply | Bookable: No | Booking Required: No | Trail Pass: Yes | Trail Pass discount (%): 100 | Place: Hakatere Conservation Park | Region: Canterbury"
"2310 km","959","21","97","2.3","2308.6","63122","62394","Rakaia River to Rangitata River"
"Comyns Hut","865","97","192","4.3","2312.9","63219","62586","km 2314.3 | Category: Basic/bivvies | Facilities: Heating, Mattresses, Toilets - non-flush, Water from stream, Water supply | Bookable: No | Booking Required: No | Trail Pass: Yes | Trail Pass discount (%): 100 | Place: Hakatere Conservation Park | Region: Canterbury"
"2320 km","1085","252","31","5.6","2318.6","63471","62616","Rakaia River to Rangitata River"
"2330 km","832","526","779","10","2328.5","63997","63396","Rakaia River to Rangitata River"
"Manuka Hut","776","58","114","5.5","2334.1","64055","63510","km 2335.6 | Category: Basic/bivvies | Facilities: Heating, Mattresses, Toilets - non-flush, Water from stream, Water supply | Bookable: No | Booking Required: No | Trail Pass: Yes | Trail Pass discount (%): 100 | Place: Hakatere Conservation Park | Region: Canterbury"
"2340 km","685","66","157","4.4","2338.5","64121","63666","Rakaia River to Rangitata River"
"2350 km","702","98","81","10","2348.5","64219","63748","Rakaia River to Rangitata River"
"2360 km","687","202","217","10","2358.5","64421","63964","Rakaia River to Rangitata River"
"Trail ends - Rangitata River","558","63","192","7.8","2366.3","64483","64156","The walking route stops here and starts again 7.0 km away. Crossed by Rangitata River (Hazard Bypass), published as a bypass with no chainage of its own."
"2370 km","564","49","0","2.2","2368.5","64532","64156","Two Thumb Track"
"Crooked Spur Hut","1039","682","207","8.1","2376.6","65214","64363","km 2377.9 | Category: Basic/bivvies | Facilities: Heating, Mattresses, Toilets - non-flush | Bookable: No | Booking Required: No | Trail Pass: Yes | Trail Pass discount (%): 100 | Place: Te Kahui Kaupeka Conservation Park | Region: Canterbury"
"2380 km","1403","367","2","2.1","2378.6","65580","64365","Two Thumb Track"
"Stone Hut","1097","313","619","7.5","2386.2","65893","64984","km 2387.4 | Category: Basic/bivvies | Facilities: Heating, Mattresses, Toilets - non-flush, Water from stream, Water supply | Bookable: No | Booking Required: No | Trail Pass: Yes | Trail Pass discount (%): 100 | Place: Te Kahui Kaupeka Conservation Park | Region: Canterbury"
"2390 km","1180","115","32","2.6","2388.7","66008","65016","Two Thumb Track"
"Royal Hut","1329","159","10","3.5","2392.2","66167","65026","km 2393.5 | Category: Basic/bivvies | Facilities: Heating, Mattresses, Toilets - non-flush, Water from stream, Water supply | Bookable: No | Booking Required: No | Trail Pass: Yes | Trail Pass discount (%): 100 | Place: Te Kahui Kaupeka Conservation Park | Region: Canterbury"
"2400 km","1847","625","108","6.5","2398.8","66792","65134","Two Thumb Track"
"Camp Stream Hut","1228","59","678","8.4","2407.2","66851","65811","km 2408.4 | "
"2410 km","1103","8","133","1.6","2408.8","66859","65944","Two Thumb Track"
"2420 km","1120","210","193","10","2418.8","67069","66137","Two Thumb Track"
"2430 km","722","37","435","10","2428.7","67106","66571","Two Thumb Track"
"2440 km","711","77","88","10.1","2438.8","67183","66660","Two Thumb Track"
"Lake Tekapo","718","10","3","2","2440.8","67193","66663","km 2442.1 | Large Four Square, cafes. Tailormade Backpackers and Bespoke Bikes receive bounce boxes. Accepts resupply boxes."
"2450 km","667","40","91","8","2448.8","67233","66754","Tekapo to Lake Ōhau"
"2460 km","674","27","19","9.8","2458.5","67259","66773","Tekapo to Lake Ōhau"
"2470 km","625","60","109","10.1","2468.7","67319","66882","Tekapo to Lake Ōhau"
"Pylon Campsite","613","24","36","4.3","2473","67343","66918","km 2474.4 | "
"2480 km","546","61","128","5.8","2478.7","67404","67046","Tekapo to Lake Ōhau"
"Pines Campsite","541","69","74","5","2483.7","67473","67120","km 2485.0 | "
"2490 km","499","40","82","4.9","2488.7","67513","67202","Tekapo to Lake Ōhau"
"2500 km","459","9","49","9.9","2498.6","67522","67251","Tekapo to Lake Ōhau"
"2510 km","500","86","45","10","2508.7","67608","67296","Tekapo to Lake Ōhau"
"2520 km","524","129","105","9.9","2518.6","67737","67401","Tekapo to Lake Ōhau"
"Lake Middleton Campsite","526","45","42","6","2524.6","67782","67443","km 2525.9 | Category: Standard | Facilities: Boat launching, Dump station, Non-powered/tent sites, Toilets - flush, Water from tap - not treated, boil before use, Toilets, Water supply | Bookable: No | Booking Required: No | Trail Pass: Yes | Trail Pass discount (%): 100 | Place: Twizel area | Region: Canterbury"
"2530 km","579","74","21","4","2528.6","67856","67464","East Ahuriri Track"
"2540 km","1216","909","272","10.1","2538.7","68765","67736","East Ahuriri Track"
"East Ahuriri Hut","1013","2","205","4.8","2543.4","68767","67941","km 2544.8 | Category: Backcountry | Facilities: 6 Bunks | Bookable: No | Booking Required: No | Trail Pass: Yes | Trail Pass discount (%): 100 | Place: Ahuriri Conservation Park | Region: Canterbury"
"2550 km","799","16","231","5.3","2548.8","68783","68172","East Ahuriri Track"
"2560 km","754","122","167","9.8","2558.6","68905","68339","Breast Hill Track"
"Tin Hut (Private)","933","215","36","5.8","2564.4","69120","68374","km 2565.7 | "
"2570 km","1411","529","51","4.3","2568.7","69648","68425","Breast Hill Track"
"Top Timaru Hut","907","306","810","9.1","2577.8","69954","69235","km 2579.0 | Category: Standard | Facilities: Mattresses, Toilets - non-flush, Water from stream, Water supply | Bookable: No | Booking Required: No | Trail Pass: Yes | Trail Pass discount (%): 100 | Place: Hāwea Conservation Park | Region: Otago"
"2580 km","924","73","56","1","2578.8","70027","69291","Breast Hill Track"
"2590 km","589","490","825","10.1","2588.9","70517","70116","Breast Hill Track"
"Stodys Hut","1071","604","121","2.7","2591.7","71121","70238","km 2592.6 | Category: Basic/bivvies | Facilities: Heating, Mattresses, Toilets - non-flush, Water from stream, Water supply | Bookable: No | Booking Required: No | Trail Pass: Yes | Trail Pass discount (%): 100 | Place: Hāwea Conservation Park | Region: Otago"
"2600 km","1397","535","209","7.4","2599.1","71655","70447","Breast Hill Track"
"Pakituhi Hut","1332","190","255","3.4","2602.4","71846","70702","km 2603.3 | Category: Standard | Facilities: Mattresses, Toilets - non-flush, Water from tap - not treated, boil before use, Water supply | Bookable: No | Booking Required: No | Trail Pass: Yes | Trail Pass discount (%): 100 | Place: Hāwea Conservation Park | Region: Otago"
"2610 km","360","70","1042","6.9","2609.3","71916","71744","Gladstone to Wānaka"
"Lake Hāwea","362","53","51","3.7","2613","71969","71795","km 2613.8 | Sailz general store with cafe, open to 9pm; FreshChoice on Bodkin St; Hawea Hotel for pub food."
"2620 km","320","19","61","6.2","2619.2","71987","71855","Gladstone to Wānaka"
"Albert Town","280","9","49","7.2","2626.4","71997","71905","km 2627.2 | Small Four Square and a patisserie, a short detour off trail."
"2630 km","294","29","14","2.7","2629.1","72026","71919","Gladstone to Wānaka"
"Wanaka","280","49","64","9","2638.2","72075","71982","km 2639.0 | New World, Four Square, Mediterranean Market for bulk, Macpac. Full resupply."
"2640 km","280","0","0","1.1","2639.3","72075","71983","Glendhu Bay Track"
"2650 km","304","266","242","9.9","2649.1","72341","72225","Glendhu Bay Track"
"2660 km","398","189","94","10","2659.1","72530","72319","Motatapu Alpine Track"
"Fern Burn Hut","737","461","122","4.5","2663.6","72990","72441","km 2664.5 | Category: Standard | Facilities: Mattresses, Toilets - non-flush, Water from tap - not treated, boil before use, Water supply | Bookable: No | Booking Required: No | Trail Pass: Yes | Trail Pass discount (%): 100 | Place: Wānaka area | Region: Otago"
"2670 km","869","683","550","5.7","2669.3","73673","72992","Motatapu Alpine Track"
"Highland Creek Hut","846","5","29","0.6","2669.8","73678","73020","km 2670.6 | Category: Standard | Facilities: Mattresses, Toilets - non-flush, Water from tap - not treated, boil before use, Water supply | Bookable: No | Booking Required: No | Trail Pass: Yes | Trail Pass discount (%): 100 | Place: Wānaka area | Region: Otago"
"2680 km","680","992","1158","9.7","2679.5","74670","74178","Motatapu Alpine Track"
"Roses Hut","720","42","2","0.9","2680.3","74712","74180","km 2680.9 | Category: Standard | Facilities: Mattresses, Toilets - non-flush, Water from tap - not treated, boil before use, Water supply | Bookable: No | Booking Required: No | Trail Pass: Yes | Trail Pass discount (%): 100 | Place: Wānaka area | Region: Otago"
"2690 km","675","570","615","9.2","2689.6","75282","74795","Motatapu Alpine Track"
"Macetown Campsite","668","23","30","1.5","2691.1","75305","74825","km 2691.5 | Category: Basic | Facilities: Non-powered/tent sites, Water from stream, Toilets - non-flush, Toilets, Water supply | Bookable: No | Booking Required: No | Trail Pass: Yes | Trail Pass discount (%): 100 | Place: Macetown Historic Reserve | Region: Otago"
"2700 km","751","579","496","8.5","2699.6","75883","75321","Motatapu Alpine Track"
"Arrowtown","420","70","401","4.5","2704.1","75953","75721","km 2704.4 | Small supermarket and a Night'n Day; limited and expensive. Hourly bus to Queenstown."
"2710 km","360","63","122","5.6","2709.6","76016","75844","Wakatipu Track"
"2720 km","317","107","149","9.9","2719.5","76122","75993","Wakatipu Track"
"Frankton","330","84","71","5.8","2725.3","76206","76064","km 2725.7 | Pak'nSave, New World, Woolworths. Cheapest resupply in the Queenstown basin."
"2730 km","317","32","46","4.2","2729.5","76238","76110","Wakatipu Track"
"Queenstown","310","23","29","3.7","2733.2","76261","76139","km 2733.7 | FreshChoice, Four Square, outdoor stores. Full gear replacement."
"Trail ends - Lake Wakatipu","313","3","0","0.1","2733.3","76264","76139","The walking route stops here and starts again 26.5 km away. Crossed by Lake Wakatipu Bypass, published as a bypass with no chainage of its own."
"2740 km","367","250","200","6.2","2739.5","76514","76338","Mavora Walkway"
"Slip Flat Hut","439","293","221","4.3","2743.8","76807","76560","km 2744.3 | Category: Basic/bivvies | Facilities: Heating, Mattresses, Toilets - non-flush, Water from stream, Water supply | Bookable: No | Booking Required: No | Trail Pass: Yes | Trail Pass discount (%): 100 | Place: Greenstone and Caples Conservation Areas | Region: Otago"
"Greenstone Campsite","521","314","232","3.7","2747.5","77121","76792","km 2747.9 | Category: Backcountry | Facilities: Toilets - flush, Water from tap - not treated, boil before use, Toilets, Water supply | Bookable: Yes | Booking Required: Yes | Trail Pass: Yes | Trail Pass discount (%): 100 | More Info: Included in The Trail Pass, but booking is required. Penalty fees will be applied by Warden to walkers staying without a booking. | Place: Greenstone and Caples Conservation Areas | Region: Otago"
"Greenstone Hut","515","0","6","0.1","2747.6","77121","76797","km 2748.0 | Category: Serviced | Facilities: Heating, Mattresses, Toilets - flush, Water from tap - not treated, boil before use, Water supply | Bookable: No | Booking Required: Yes | Trail Pass: Yes | Trail Pass discount (%): 20 | More Info: Click on the Greenstone Campsite icon for information about camping outside the hut.  Booking is required. | Place: Greenstone and Caples Conservation Areas | Region: Otago"
"2750 km","632","148","32","2","2749.6","77269","76829","Mavora Walkway"
"Taipo Hut","723","227","136","7.7","2757.3","77496","76964","km 2757.6 | Category: Standard | Facilities: Mattresses, Toilets - non-flush, Water from tap - not treated, boil before use, Water supply | Bookable: No | Booking Required: No | Trail Pass: Yes | Trail Pass discount (%): 100 | Place: Mavora Lakes Conservation Park | Region: Southland"
"2760 km","716","47","54","2.2","2759.5","77542","77018","Mavora Walkway"
"Boundary Hut","647","133","203","9.3","2768.8","77675","77220","km 2769.3 | Category: Standard | Facilities: Toilets - non-flush, Water from tap - not treated, boil before use, Water supply | Bookable: No | Booking Required: No | Trail Pass: Yes | Trail Pass discount (%): 100 | Place: Mavora Lakes Conservation Park | Region: Southland"
"2770 km","646","8","9","0.7","2769.6","77684","77229","Mavora Walkway"
"Careys Hut","625","70","92","5.5","2775.1","77754","77321","km 2775.5 | Category: Standard | Facilities: Heating, Mattresses, Toilets - non-flush, Water from tap - not treated, boil before use, Water supply | Bookable: No | Booking Required: No | Trail Pass: Yes | Trail Pass discount (%): 100 | Place: Mavora Lakes Conservation Park | Region: Southland"
"2780 km","650","71","46","4.4","2779.5","77825","77366","Mavora Walkway"
"Mavora Lakes Campsite","618","27","60","4.9","2784.4","77852","77426","km 2784.9 | Category: Standard | Facilities: BBQ, Boat launching, Fire pit/place for campfires (except in fire bans), Non-powered/tent sites, Water from tap - not treated, boil before use, Toilets - non-flush, Toilets, Water supply | Bookable: Yes | Booking Required: Yes | Trail Pass: Yes | Trail Pass discount (%): 100 | Place: Mavora Lakes Conservation Park | Region: Southland"
"2790 km","625","85","77","5.2","2789.6","77936","77503","Mararoa River Track"
"2800 km","537","63","151","10","2799.6","78000","77654","Mararoa River Track"
"2810 km","461","20","96","9.9","2809.5","78020","77751","Mararoa River Track"
"2820 km","389","16","88","10","2819.5","78035","77838","Mararoa River Track"
"2830 km","346","26","69","10","2829.5","78062","77907","Tākitimu Track"
"Lower Princhester Hut","478","137","5","5.7","2835.2","78198","77912","km 2835.8 | Category: Standard | Facilities: Heating, Mattresses, Toilets - non-flush, Water from stream, Water supply | Bookable: No | Booking Required: No | Trail Pass: Yes | Trail Pass discount (%): 100 | Place: Takitimu Conservation Area | Region: Southland"
"2840 km","643","446","281","4.2","2839.4","78644","78193","Tākitimu Track"
"2850 km","502","289","429","9.8","2849.3","78933","78623","Tākitimu Track"
"Aparima Hut","459","77","120","2.3","2851.6","79010","78742","km 2852.3 | Category: Standard | Facilities: Heating, Mattresses, Toilets - non-flush, Water from tap - not treated, boil before use, Water supply | Bookable: No | Booking Required: No | Trail Pass: Yes | Trail Pass discount (%): 100 | Place: Takitimu Conservation Area | Region: Southland"
"2860 km","616","363","207","7.5","2859.1","79373","78949","Tākitimu Track"
"Lower Wairaki Hut","475","137","278","5.7","2864.8","79510","79227","km 2865.8 | Category: Basic/bivvies | Facilities: Heating, Mattresses, Toilets - non-flush, Water from tap - not treated, boil before use, Water supply | Bookable: No | Booking Required: No | Trail Pass: Yes | Trail Pass discount (%): 100 | Place: Takitimu Conservation Area | Region: Southland"
"2870 km","999","550","26","4.1","2868.9","80060","79253","Tākitimu Track"
"Telford Campsite","420","35","614","3.7","2872.6","80095","79867","km 2873.7 | Category: Backcountry | Facilities: Many tent sites, long drop toilet, stream | Bookable: No | Booking Required: No | Trail Pass: Yes | Trail Pass discount (%): 100 | Place: Takitimu Conservation Area | Region: Southland"
"2880 km","302","221","339","6.3","2878.9","80316","80206","Tākitimu Track"
"2890 km","247","204","258","10","2888.9","80519","80464","Tākitimu Track"
"2900 km","145","82","185","10","2898.8","80602","80648","Tākitimu Track"
"2910 km","140","78","83","10","2908.9","80679","80731","Birchwood to Merrivale"
"2920 km","266","495","370","10","2918.8","81175","81101","Birchwood to Merrivale"
"2930 km","117","182","331","10","2928.8","81356","81432","Birchwood to Merrivale"
"2940 km","342","297","71","10","2938.8","81653","81503","Longwood Forest Track"
"2950 km","431","526","437","9.9","2948.6","82179","81940","Longwood Forest Track"
"2960 km","78","118","470","10.1","2958.7","82297","82411","Longwood Forest Track"
"2970 km","36","33","75","10","2968.7","82330","82486","Longwood Forest Track"
"Martin's Hut","417","383","2","6.8","2975.6","82713","82488","km 2976.9 | Category: Basic/bivvies | Facilities: Heating, Toilets - non-flush, Water from tap - not treated, boil before use, Water supply | Bookable: No | Booking Required: No | Trail Pass: Yes | Trail Pass discount (%): 100 | Place: Longwood Forest Conservation Area | Region: Southland"
"2980 km","404","67","80","3.1","2978.6","82780","82568","Longwood Forest Track"
"Turnbull's (Big Dam) Hut","306","2","101","1.6","2980.2","82783","82669","km 2981.6 | Category: Basic/bivvies | Facilities: Heating | Bookable: No | Booking Required: No | Trail Pass: Yes | Trail Pass discount (%): 100 | Place: Longwood Forest Conservation Area | Region: Southland"
"3000 km","16","184","474","18.3","2998.6","82967","83143","Tīhaka Beach Track"
"Riverton","13","218","221","7.3","3005.9","83185","83364","km 3007.6 | FreshChoice/SuperValue on Palmerston St, cafes and takeaways. Holiday park."
"3010 km","2","0","11","2.4","3008.3","83185","83375","Oreti Beach Track"
"3020 km","3","6","5","10.5","3018.8","83190","83379","Oreti Beach Track"
"3030 km","2","10","11","9.7","3028.5","83200","83390","Oreti Beach Track"
"3040 km","3","10","9","9.9","3038.4","83210","83399","Invercargill to Bluff"
"3050 km","6","17","14","9.8","3048.2","83227","83412","Invercargill to Bluff"
"3070 km","141","320","185","20.1","3068.3","83546","83597","Invercargill to Bluff"
"End: Te Araroa (SOBO)","8","135","268","3.2","3071.4","83681","83865",""