"Location","Total Distance (km)","Distance (km)","Ascent (m)","Descent (m)","Total Ascent (m)","Total Descent (m)","Notes"
"Ngapae Holiday Park","87.5","87.5","500","644","500","644","km 87.4 | Facilities: Holiday park accommodation, campground, motorhomes, powered sites for campervans, tent sites for camping | Address: 6 Matai Street Waipapakauri 0486 | Phone: (09) 406 7298 | Hours: 9:00am - 6:00pm | Website: https://www.ngapaeholidaypark.co.nz/ | Categories: RVPark LodgingBusiness"
"Ahipara Holiday Park","101.7","14.2","14","12","514","656","km 101.5 | Facilities: Accommodation, tent and power sites for campervans and caravans, cabins and a self-contained lodge. | Address: 164-170 Takahe St, Ahipara | Phone: (09) 409 4864 | Website: https://ahiparaholidaypark.co.nz/ | Categories: LodgingBusiness"
"Ahipara","102.9","1.3","10","0","524","656","km 102.8 | Ahipara Superette: groceries and post shop. Cafe closes 2pm. First resupply after Cape Reinga."
"Kaitaia","116.1","13.2","60","57","583","713","km 116.0 | Pak'nSave, Bells Produce, two bulk-food shops. 14 km inland from Ahipara; hitch or bus."
"Paihia Top 10 Holiday Park","248.7","132.5","3250","3264","3833","3977","km 248.5 | Facilities: Accommodation: powered caravan/campervan sites, tents, Kayak hire, dump station | Address: 1290 State Highway 11, Paihia, | Phone: (09) 402 7678 | Hours: 9:00am - 6:00pm | Website: http://www.beachsideholiday.co.nz | Categories: LodgingBusiness"
"Opua","252.2","3.5","79","85","3913","4062","km 251.9 | Small general store, expensive. Ferry point."
"Ruakaka Reserve Motor Camp","419.5","167.4","4361","4360","8274","8422","km 418.0 | Facilities: motor camp | Address: 21 Ruakaka Beach Road | Phone: (09) 432 7590 | Website: http://www.motorcamp.co.nz/ | Categories: RVPark LodgingBusiness"
"Waipu","429.9","10.3","27","18","8301","8440","km 428.4 | Four Square, cafes, hotel with budget rooms. Camp Waipu Cove has a dairy."
"Mangawhai Heads Holiday Park","458.4","28.5","900","902","9201","9342","km 456.9 | "
"Mangawhai Heads","459.8","1.4","36","15","9237","9357","km 458.4 | Four Square at 3 Wood St. Holiday park."
"Riverside Holiday Park","465.7","5.9","32","54","9268","9410","km 464.3 | Facilities: Holiday park accommodation, camping ground | Address: Black Swamp Road, Mangawhai | Phone: (09) 431 4825 | Website: https://www.riversideholidaypark.co.nz/ | Categories: LodgingBusiness"
"Pakiri Beach Holiday Park","486.9","21.2","121","117","9390","9528","km 485.5 | Facilities: Holiday park, campground, accommodation, lodges, flats, self contained units, store. Dump station. | Address: 261 Pakiri River Road, Pakiri | Phone: (09) 422 6199 | Hours: 9:00am - 5:00pm | Website: http://www.pakiriholidaypark.co.nz/ | Categories: RVPark LodgingBusiness"
"Pakiri Beach Holiday Park","489.5","2.6","26","20","9415","9547","km 488.1 | Camp store: food, drinks, milk, bread. 9am-5pm summer only."
"Puhoi","540.8","51.2","2370","2367","11785","11914","km 539.1 | General store 7am-7pm, historic pub, three cafes."
"Ōrewa Beach Holiday Park","560","19.2","288","308","12073","12222","km 558.3 | Facilities: Holiday park accommodation, tent sites for camping, powered sites for campervans, cabins | Address: 265 Hibiscus Coast Highway, Orewa Beach | Phone: 0800 673 921 | Website: https://www.aucklandcouncil.govt.nz/parks-recreation/Pages/park-details.aspx?Location=3542#about | Categories: RVPark LodgingBusiness"
"Hamilton","789.9","229.9","3133","3089","15206","15311","km 785.5 | Pak'nSave, Woolworths, Trek N Travel outdoor store. Full gear replacement."
"Whatawhata","804.2","14.3","69","91","15275","15401","km 799.8 | Petrol station store, gastro pub and village cafe."
"Waitomo Top 10 Holiday Park","887.2","83.1","3107","3065","18382","18466","km 883.1 | Facilities: Holiday park, campground, motorhomes, campervans, tent sites | Address: 12 Waitomo Village Road Waitomo Caves Village 3977 | Phone: (07) 878 7639 | Hours: 9:00am - 8:00pm | Website: http://www.waitomopark.co.nz | Categories: RVPark LodgingBusiness"
"Waitomo","887.4","0.2","14","0","18396","18466","km 883.2 | Waitomo Village Store 7am-7pm, expensive. Cafes and restaurants."
"Whakapapa Village","1175.1","287.7","7714","6664","26110","25131","km 1172.1 | Camp store carries little more than ice blocks and muesli bars. Not a resupply."
"Whakapapa Holiday Park","1175.3","0.2","8","0","26118","25131","km 1172.3 | Facilities: Holiday park accommodation. DOC conservation campsite, tent sites for camping, powered sites for campervans | Address: Whakapapa Village, Tongariro National Park - North Island > Bay of Plenty > Central North Island > Ruapehu | Phone: 07 892 3897 | Website: https://www.whakapapa.net.nz/ | Categories: RVPark LodgingBusiness"
"National Park (Waimarino)","1196.1","20.8","305","639","26423","25769","km 1193.2 | Four Square, well stocked with dehydrated meals and gas. First real shop since Whanganui."
"Pipiriki","1316.7","120.7","2836","3598","29259","29368","km 1313.6 | Minimal cafe and shop at the campground. Jetboat transfers."
"Wanganui Top 10 Holiday Park","1399.9","83.1","57","77","29315","29444","km 1396.7 | Facilities: Holiday park accommodation, motel units, campground, motorhomes, campervans, tent & powered sites | Address: 460 Somme Parade, Upper Aramoho, Wanganui | Phone: (06) 343 8402 | Website: http://www.wrivertop10.co.nz | Categories: RVPark LodgingBusiness"
"Whanganui","1406.7","6.9","0","0","29315","29444","km 1403.6 | New World, Countdown, Pak'nSave. Kathmandu; Wilsons Hunting and Outdoors stores bounce boxes. Accepts resupply boxes."
"Bulls Motel and Holiday Park","1466.4","59.7","161","142","29476","29586","km 1463.3 | Facilities: Accommodation: motel, tent sites, powered caravan/campervan sites | Address: 2 Bridge Street, Bulls | Phone: (06) 322 0894 | Website: https://www.bullsmotel.co.nz/ | Categories: Motel LodgingBusiness"
"El Rancho","1654","187.6","7572","7600","37048","37185","km 1650.7 | Facilities: Waikanae Christian Holiday park, camping ground, accommodation, conference centre, Zenbu Wi-Fi wireless internet, cheap, no time limit wifi hot-spot. | Address: 58 Weggery Drive,  Waikanae Beach, Kapiti Coast New Zealand | Phone: 64 4 902 6287 | Website: http://www.elrancho.co.nz | Categories: RVPark LodgingBusiness"
"Paraparaumu Beach","1659.5","5.5","13","22","37060","37207","km 1656.3 | Cafes, shops and a small supermarket."
"Paekakariki","1671.8","12.3","81","64","37141","37271","km 1668.4 | Dairy/grocery, two fruit and vegetable shops, cafes and a pub."
"Wellington","1729.7","57.9","2257","2270","39399","39541","km 1726.3 | Capital: full resupply, gear stores, bulk-food refilleries. End of the North Island. Accepts resupply boxes."
"Havelock Holiday Park","1885","155.3","5501","5498","44900","45040","km 1829.0 | Facilities: Accommodation: basic cabins, tent sites, powered caravan/campervan sites, dump station | Address: 24 Inglis Street, Havelock | Phone: 021 082 67068 | Website: https://www.havelockholidaypark.kiwi/#/ | Categories: LodgingBusiness"
"Havelock","1885","0","0","0","44900","45040","km 1829.1 | Small Four Square, post office, cafes. Havelock Holiday Park accepts food parcels. Accepts resupply boxes."
"Pelorus Bridge Campground","1906.3","21.3","83","45","44982","45085","km 1850.4 | Category: Serviced | Facilities: Cookers/electric stove, Non-powered/tent sites, Phone, Powered sites, Shelter for cooking, Shower - hot, Wheelchair accessible, Water from tap - treated, suitable for drinking, Toilets - non-flush, Toilets | Bookable: Yes | Booking Required: Yes | Trail Pass: Yes | Trail Pass discount (%): 20 | Place: Pelorus Bridge Scenic Reserve | Region: Marlborough"
"St Arnaud","2047.3","140.9","9292","8698","54274","53783","km 1990.5 | General store and 24 hr NPD station; DoC centre sells gas and dehydrated meals. Alpine Lodge holds parcels ($15-30). Expensive. Accepts resupply boxes."
"Boyle Village","2165.2","117.9","4169","4219","58443","58002","km 2109.2 | No shop. Boyle River Outdoor Education Centre holds resupply boxes, sells basic food, beds $50. Accepts resupply boxes."
"Lake Coleridge Village","2353.4","188.2","3898","4099","62341","62101","km 2298.1 | No shops. Powerhouse Lodge holds bounce boxes and has tent sites. Accepts resupply boxes."
"Lake Hāwea","2689.2","335.8","9718","9745","72059","71846","km 2613.8 | Sailz general store with cafe, open to 9pm; FreshChoice on Bodkin St; Hawea Hotel for pub food."
"Queenstown","2809.4","120.2","4292","4344","76351","76190","km 2733.7 | FreshChoice, Four Square, outdoor stores. Full gear replacement."
"Riverton","3108.6","299.2","6928","7225","83279","83415","km 3007.6 | FreshChoice/SuperValue on Palmerston St, cafes and takeaways. Holiday park."
"End: Te Araroa","3174.2","65.5","496","501","83775","83916",""