"Section","Island","Start km","End km","Length km","Official start km","Official end km"
"Invercargill to Bluff","South","0","36","36","3037.2","3073.2"
"Oreti Beach Track","South","36","66.4","30.4","3006.8","3037.2"
"Tīhaka Beach Track","South","66.4","79.3","12.9","2993.9","3006.8"
"Long Hilly Track","South","79.3","86","6.7","2987.2","2993.9"
"Longwood Forest Track","South","86","140.3","54.3","2932.9","2987.2"
"Birchwood to Merrivale","South","140.3","167.4","27.1","2905.8","2932.9"
"Tākitimu Track","South","167.4","243.4","75.9","2829.8","2905.8"
"Mararoa River Track","South","243.4","288.4","45","2784.8","2829.8"
"Mavora Walkway","South","288.4","339.4","51.1","2733.8","2784.8"
"Wakatipu Track","South","339.4","369.1","29.6","2704.1","2733.8"
"Motatapu Alpine Track","South","369.1","417.9","48.8","2655.3","2704.1"
"Glendhu Bay Track","South","417.9","434.6","16.8","2638.6","2655.3"
"Gladstone to Wānaka","South","434.6","465.3","30.7","2607.9","2638.6"
"Breast Hill Track","South","465.3","519.1","53.8","2554.1","2607.9"
"East Ahuriri Track","South","519.1","544.1","25","2529.1","2554.1"
"Tekapo to Lake Ōhau","South","544.1","631","86.9","2442.2","2529.1"
"Two Thumb Track","South","631","705.4","74.4","2367.8","2442.2"
"Rakaia River to Rangitata River","South","705.4","774.9","69.5","2298.3","2367.8"
"Arthur's Pass to Rākaia River","South","774.9","848.4","73.5","2224.8","2298.3"
"Boyle to Arthur's Pass","South","848.4","963.8","115.5","2109.4","2224.8"
"Waiau Pass Track","South","963.8","1082.7","118.9","1990.5","2109.4"
"Richmond Alpine Track","South","1082.7","1178.4","95.7","1894.8","1990.5"
"Pelorus River Track","South","1178.4","1223","44.6","1850.2","1894.8"
"Anakiwa to Pelorus Bridge","South","1223","1264.7","41.6","1808.6","1850.2"
"Queen Charlotte Track","South","1264.7","1334.3","69.6","1739","1808.6"
"Wellington South","North","1334.3","1344.4","10.2","1728.8","1739"
"Wellington City","North","1344.4","1350","5.5","1723.2","1728.8"
"Ngaio","North","1350","1358.1","8.1","1715.2","1723.2"
"Rangituhi/ Colonial Knob Walk","North","1358.1","1381.2","23.2","1692","1715.2"
"Ara Harakeke (Flax Pathway)","North","1381.2","1394.6","13.4","1678.6","1692"
"Escarpment Track","North","1394.6","1405","10.4","1668.2","1678.6"
"Kāpiti Coast","North","1405","1426.6","21.6","1646.7","1668.2"
"Pukeatua Track","North","1426.6","1452.6","26.1","1620.6","1646.7"
"Tararua Ranges","North","1452.6","1500","47.4","1573.2","1620.6"
"Palmerston North to Poads Road","North","1500","1568.2","68.2","1505","1573.2"
"Feilding to Palmerston North","North","1568.2","1588.3","20.1","1484.9","1505"
"Bulls to Feilding","North","1588.3","1611.1","22.8","1462.1","1484.9"
"Whanganui to Bulls","North","1611.1","1669.6","58.5","1403.6","1462.1"
"Whanganui River - via Whanganui River","North","1669.6","1791.4","121.8","1281.8","1403.6"
"National Park to Whanganui River","North","1791.4","1880.1","88.7","1193.1","1281.8"
"Mangatepopo to National Park","North","1880.1","1901.5","21.4","1171.7","1193.1"
"Tongariro Alpine Crossing","North","1901.5","1939.9","38.4","1133.3","1171.7"
"42 Traverse","North","1939.9","2013","73.2","1060.2","1133.3"
"Pureora Forest - The Timber Trail","North","2013","2117.8","104.7","955.4","1060.2"
"Te Kūiti to Pureora","North","2117.8","2175.3","57.6","897.9","955.4"
"Pehitawa Track","North","2175.3","2190.1","14.8","883.1","897.9"
"Pirongia to Waitomo","North","2190.1","2234.9","44.8","838.4","883.1"
"Pirongia Traverse","North","2234.9","2251","16.2","822.2","838.4"
"Waipā Walk","North","2251","2279.3","28.3","793.9","822.2"
"Hamilton City","North","2279.3","2287.8","8.5","785.4","793.9"
"Ngāruawāhia to Hamilton - Te Awa (The River)","North","2287.8","2310.4","22.6","762.8","785.4"
"Hakarimata Walkway","North","2310.4","2322.7","12.3","750.5","762.8"
"Rangiriri to Huntly","North","2322.7","2344.1","21.4","729.1","750.5"
"Mercer to Rangiriri","North","2344.1","2367.3","23.2","706","729.1"
"Mangatāwhiri to Mercer","North","2367.3","2381.2","14","692","706"
"Botanic Gardens to Mangatāwhiri","North","2381.2","2420.1","38.9","653.1","692"
"Puhinui Stream Track","North","2420.1","2429","8.9","644.2","653.1"
"Onehunga to Puhinui","North","2429","2451.5","22.5","621.7","644.2"
"Coast to Coast Walkway","North","2451.5","2467.2","15.7","606","621.7"
"North Shore Coastal Walk","North","2467.2","2495.9","28.7","577.3","606"
"Okura to Long Bay - Low Tide crossing","North","2495.9","2500.4","4.6","572.8","577.3"
"Wenderholm to Stillwater","North","2500.4","2526.7","26.2","546.5","572.8"
"Pūhoi to Wenderholm Kayak","North","2526.7","2534.1","7.4","539.1","546.5"
"Pūhoi Track","North","2534.1","2539.2","5.1","534","539.1"
"Govan Wilson to Pūhoi Valley","North","2539.2","2576.8","37.6","496.4","534"
"Mt Tamahunga (Te Hīkoi O Te Kiri) Track","North","2576.8","2587.7","10.9","485.5","496.4"
"Mangawhai to Pākiri","North","2587.7","2617.5","29.8","455.7","485.5"
"Bream Tail to Mangawhai Cliffs Walkway","North","2617.5","2624.9","7.4","448.3","455.7"
"Cullen Brynderwyn Walkway","North","2624.9","2638.5","13.6","434.7","448.3"
"Bream Bay Walk","North","2638.5","2665.9","27.4","407.3","434.7"
"Pataua North to Whāngārei Heads","North","2665.9","2698.6","32.7","374.6","407.3"
"Ngunguru to Pataua North","North","2698.6","2724.9","26.3","348.3","374.6"
"Waikare to Ngunguru","North","2724.9","2810.3","85.4","262.9","348.3"
"Waikare Connection - by Water","North","2810.3","2821.4","11.1","251.8","262.9"
"Paihia to Ōpua Coastal Walkway","North","2821.4","2830.3","9","242.9","251.8"
"Kerikeri to Waitangi","North","2830.3","2847.8","17.5","225.4","242.9"
"Mangakaretu to Kerikeri","North","2847.8","2874","26.2","199.2","225.4"
"The Northland Forests","North","2874","2972","98","101.2","199.2"
"Cape Reinga to Ahipara","North","2972","3073.2","101.2","0","101.2"